==================== 2026-06-06T10:27:30.933588Z | 019e9c79-39ed-71a3-a13d-0cd8bd594211 ====================
10:27:30.934068 [info ]: dbt-core 2.0.0-alpha.1
10:27:30.935424 [info ]: Started loading project
10:27:30.975042 [info ]: Loading ~/.dbt/profiles.yml
10:27:30.994187 [info ]: Finished loading project [  0.06s]
10:27:30.994853 [error]: [InvalidConfig (dbt1005)]: The 'postgres' adapter is not yet supported by dbt Fusion. Supported adapters: snowflake, bigquery, databricks, redshift
10:27:33.053791 [info ]: 
==================== Execution Summary =====================
Finished 'debug' with 1 error [2.1s]
[0m16:00:31.137357 [debug] [MainThread]: Sending event: {'category': 'dbt', 'action': 'invocation', 'label': 'start', 'context': [<snowplow_tracker.self_describing_json.SelfDescribingJson object at 0x00000291EE190AD0>, <snowplow_tracker.self_describing_json.SelfDescribingJson object at 0x00000291F0D43D90>, <snowplow_tracker.self_describing_json.SelfDescribingJson object at 0x00000291F0D439D0>]}


============================== 16:00:31.170320 | 4513c054-6e16-4f26-8ecb-4972aa7ab6d4 ==============================
[0m16:00:31.170320 [info ] [MainThread]: Running with dbt=1.7.0
[0m16:00:31.172461 [debug] [MainThread]: running dbt with arguments {'printer_width': '80', 'use_experimental_parser': 'False', 'cache_selected_only': 'False', 'warn_error': 'None', 'profiles_dir': 'C:\\Users\\nagzz\\.dbt', 'debug': 'False', 'static_parser': 'True', 'log_cache_events': 'False', 'quiet': 'False', 'log_format': 'default', 'use_colors': 'True', 'partial_parse': 'True', 'version_check': 'True', 'log_path': 'E:\\OrderWave\\dbt_project\\logs', 'introspect': 'True', 'no_print': 'None', 'fail_fast': 'False', 'warn_error_options': 'WarnErrorOptions(include=[], exclude=[])', 'invocation_command': 'dbt debug', 'send_anonymous_usage_stats': 'True', 'indirect_selection': 'eager', 'target_path': 'None', 'write_json': 'True'}
[0m16:00:31.173792 [info ] [MainThread]: dbt version: 1.7.0
[0m16:00:31.174998 [info ] [MainThread]: python version: 3.13.5
[0m16:00:31.176109 [info ] [MainThread]: python path: C:\Users\nagzz\AppData\Local\Programs\Python\Python313\python.exe
[0m16:00:31.177287 [info ] [MainThread]: os info: Windows-11-10.0.26200-SP0
[0m16:00:31.821694 [info ] [MainThread]: Using profiles dir at C:\Users\nagzz\.dbt
[0m16:00:31.823849 [info ] [MainThread]: Using profiles.yml file at C:\Users\nagzz\.dbt\profiles.yml
[0m16:00:31.831201 [info ] [MainThread]: Using dbt_project.yml file at E:\OrderWave\dbt_project\dbt_project.yml
[0m16:00:31.841317 [info ] [MainThread]: adapter type: postgres
[0m16:00:31.843512 [info ] [MainThread]: adapter version: 1.7.0
[0m16:00:32.071917 [info ] [MainThread]: Configuration:
[0m16:00:32.073272 [info ] [MainThread]:   profiles.yml file [[32mOK found and valid[0m]
[0m16:00:32.074400 [info ] [MainThread]:   dbt_project.yml file [[32mOK found and valid[0m]
[0m16:00:32.075391 [info ] [MainThread]: Required dependencies:
[0m16:00:32.076412 [debug] [MainThread]: Executing "git --help"
[0m16:00:32.196859 [debug] [MainThread]: STDOUT: "b"usage: git [-v | --version] [-h | --help] [-C <path>] [-c <name>=<value>]\n           [--exec-path[=<path>]] [--html-path] [--man-path] [--info-path]\n           [-p | --paginate | -P | --no-pager] [--no-replace-objects] [--no-lazy-fetch]\n           [--no-optional-locks] [--no-advice] [--bare] [--git-dir=<path>]\n           [--work-tree=<path>] [--namespace=<name>] [--config-env=<name>=<envvar>]\n           <command> [<args>]\n\nThese are common Git commands used in various situations:\n\nstart a working area (see also: git help tutorial)\n   clone      Clone a repository into a new directory\n   init       Create an empty Git repository or reinitialize an existing one\n\nwork on the current change (see also: git help everyday)\n   add        Add file contents to the index\n   mv         Move or rename a file, a directory, or a symlink\n   restore    Restore working tree files\n   rm         Remove files from the working tree and from the index\n\nexamine the history and state (see also: git help revisions)\n   bisect     Use binary search to find the commit that introduced a bug\n   diff       Show changes between commits, commit and working tree, etc\n   grep       Print lines matching a pattern\n   log        Show commit logs\n   show       Show various types of objects\n   status     Show the working tree status\n\ngrow, mark and tweak your common history\n   backfill   Download missing objects in a partial clone\n   branch     List, create, or delete branches\n   commit     Record changes to the repository\n   merge      Join two or more development histories together\n   rebase     Reapply commits on top of another base tip\n   reset      Reset current HEAD to the specified state\n   switch     Switch branches\n   tag        Create, list, delete or verify a tag object signed with GPG\n\ncollaborate (see also: git help workflows)\n   fetch      Download objects and refs from another repository\n   pull       Fetch from and integrate with another repository or a local branch\n   push       Update remote refs along with associated objects\n\n'git help -a' and 'git help -g' list available subcommands and some\nconcept guides. See 'git help <command>' or 'git help <concept>'\nto read about a specific subcommand or concept.\nSee 'git help git' for an overview of the system.\n""
[0m16:00:32.198020 [debug] [MainThread]: STDERR: "b''"
[0m16:00:32.199386 [info ] [MainThread]:  - git [[32mOK found[0m]

[0m16:00:32.200853 [info ] [MainThread]: Connection:
[0m16:00:32.202264 [info ] [MainThread]:   host: 127.0.0.1
[0m16:00:32.208138 [info ] [MainThread]:   port: 5432
[0m16:00:32.209598 [info ] [MainThread]:   user: orderwave
[0m16:00:32.211877 [info ] [MainThread]:   database: orderwave_db
[0m16:00:32.213063 [info ] [MainThread]:   schema: marts
[0m16:00:32.215144 [info ] [MainThread]:   connect_timeout: 10
[0m16:00:32.216569 [info ] [MainThread]:   role: None
[0m16:00:32.218557 [info ] [MainThread]:   search_path: None
[0m16:00:32.219868 [info ] [MainThread]:   keepalives_idle: 0
[0m16:00:32.221238 [info ] [MainThread]:   sslmode: None
[0m16:00:32.222427 [info ] [MainThread]:   sslcert: None
[0m16:00:32.223687 [info ] [MainThread]:   sslkey: None
[0m16:00:32.225286 [info ] [MainThread]:   sslrootcert: None
[0m16:00:32.226608 [info ] [MainThread]:   application_name: dbt
[0m16:00:32.228087 [info ] [MainThread]:   retries: 1
[0m16:00:32.229971 [info ] [MainThread]: Registered adapter: postgres=1.7.0
[0m16:00:32.232237 [debug] [MainThread]: Acquiring new postgres connection 'debug'
[0m16:00:32.233413 [debug] [MainThread]: Using postgres connection "debug"
[0m16:00:32.234866 [debug] [MainThread]: On debug: select 1 as id
[0m16:00:32.235735 [debug] [MainThread]: Opening a new connection, currently in state init
[0m16:00:32.299790 [debug] [MainThread]: SQL status: SELECT 1 in 0.0 seconds
[0m16:00:32.302964 [debug] [MainThread]: On debug: Close
[0m16:00:32.304397 [info ] [MainThread]:   Connection test: [[32mOK connection ok[0m]

[0m16:00:32.306867 [info ] [MainThread]: [32mAll checks passed![0m
[0m16:00:32.311146 [debug] [MainThread]: Command `dbt debug` succeeded at 16:00:32.310565 after 1.48 seconds
[0m16:00:32.312289 [debug] [MainThread]: Connection 'debug' was properly closed.
[0m16:00:32.313687 [debug] [MainThread]: Sending event: {'category': 'dbt', 'action': 'invocation', 'label': 'end', 'context': [<snowplow_tracker.self_describing_json.SelfDescribingJson object at 0x00000291EA21E520>, <snowplow_tracker.self_describing_json.SelfDescribingJson object at 0x00000291F1F8DC70>, <snowplow_tracker.self_describing_json.SelfDescribingJson object at 0x00000291F0F3B130>]}
[0m16:00:32.314922 [debug] [MainThread]: Flushing usage events
[0m16:01:10.115659 [debug] [MainThread]: Sending event: {'category': 'dbt', 'action': 'invocation', 'label': 'start', 'context': [<snowplow_tracker.self_describing_json.SelfDescribingJson object at 0x0000027384670AD0>, <snowplow_tracker.self_describing_json.SelfDescribingJson object at 0x0000027387207D90>, <snowplow_tracker.self_describing_json.SelfDescribingJson object at 0x00000273872079D0>]}


============================== 16:01:10.126534 | cdabf72f-fd95-4c62-a986-2e6b23f7b4a9 ==============================
[0m16:01:10.126534 [info ] [MainThread]: Running with dbt=1.7.0
[0m16:01:10.128886 [debug] [MainThread]: running dbt with arguments {'printer_width': '80', 'write_json': 'True', 'cache_selected_only': 'False', 'warn_error': 'None', 'profiles_dir': 'C:\\Users\\nagzz\\.dbt', 'debug': 'False', 'static_parser': 'True', 'log_cache_events': 'False', 'log_format': 'default', 'quiet': 'False', 'use_colors': 'True', 'partial_parse': 'True', 'version_check': 'True', 'log_path': 'E:\\OrderWave\\dbt_project\\logs', 'introspect': 'True', 'warn_error_options': 'WarnErrorOptions(include=[], exclude=[])', 'fail_fast': 'False', 'no_print': 'None', 'invocation_command': 'dbt run', 'send_anonymous_usage_stats': 'True', 'indirect_selection': 'eager', 'use_experimental_parser': 'False', 'target_path': 'None'}
[0m16:01:10.787061 [debug] [MainThread]: Sending event: {'category': 'dbt', 'action': 'project_id', 'label': 'cdabf72f-fd95-4c62-a986-2e6b23f7b4a9', 'context': [<snowplow_tracker.self_describing_json.SelfDescribingJson object at 0x0000027387232650>]}
[0m16:01:11.097350 [debug] [MainThread]: Sending event: {'category': 'dbt', 'action': 'adapter_info', 'label': 'cdabf72f-fd95-4c62-a986-2e6b23f7b4a9', 'context': [<snowplow_tracker.self_describing_json.SelfDescribingJson object at 0x00000273874AFBD0>]}
[0m16:01:11.103594 [info ] [MainThread]: Registered adapter: postgres=1.7.0
[0m16:01:11.190583 [debug] [MainThread]: checksum: 8434eacd4ffdf0ca3ab22bf0e2d55b45306c9599613e842b959405abc489e606, vars: {}, profile: , target: , version: 1.7.0
[0m16:01:11.194991 [info ] [MainThread]: Unable to do partial parsing because saved manifest not found. Starting full parse.
[0m16:01:11.196593 [debug] [MainThread]: Sending event: {'category': 'dbt', 'action': 'partial_parser', 'label': 'cdabf72f-fd95-4c62-a986-2e6b23f7b4a9', 'context': [<snowplow_tracker.self_describing_json.SelfDescribingJson object at 0x00000273870F3A50>]}
[0m16:01:14.787263 [error] [MainThread]: Encountered an error:
'javascript'
[0m16:01:14.851872 [error] [MainThread]: Traceback (most recent call last):
  File "C:\Users\nagzz\AppData\Local\Programs\Python\Python313\Lib\site-packages\dbt\cli\requires.py", line 90, in wrapper
    result, success = func(*args, **kwargs)
                      ~~~~^^^^^^^^^^^^^^^^^
  File "C:\Users\nagzz\AppData\Local\Programs\Python\Python313\Lib\site-packages\dbt\cli\requires.py", line 75, in wrapper
    return func(*args, **kwargs)
  File "C:\Users\nagzz\AppData\Local\Programs\Python\Python313\Lib\site-packages\dbt\cli\requires.py", line 168, in wrapper
    return func(*args, **kwargs)
  File "C:\Users\nagzz\AppData\Local\Programs\Python\Python313\Lib\site-packages\dbt\cli\requires.py", line 197, in wrapper
    return func(*args, **kwargs)
  File "C:\Users\nagzz\AppData\Local\Programs\Python\Python313\Lib\site-packages\dbt\cli\requires.py", line 244, in wrapper
    return func(*args, **kwargs)
  File "C:\Users\nagzz\AppData\Local\Programs\Python\Python313\Lib\site-packages\dbt\cli\requires.py", line 271, in wrapper
    manifest = ManifestLoader.get_full_manifest(
        runtime_config,
        write_perf_info=write_perf_info,
    )
  File "C:\Users\nagzz\AppData\Local\Programs\Python\Python313\Lib\site-packages\dbt\parser\manifest.py", line 318, in get_full_manifest
    manifest = loader.load()
  File "C:\Users\nagzz\AppData\Local\Programs\Python\Python313\Lib\site-packages\dbt\parser\manifest.py", line 443, in load
    self.load_and_parse_macros(project_parser_files)
    ~~~~~~~~~~~~~~~~~~~~~~~~~~^^^^^^^^^^^^^^^^^^^^^^
  File "C:\Users\nagzz\AppData\Local\Programs\Python\Python313\Lib\site-packages\dbt\parser\manifest.py", line 619, in load_and_parse_macros
    parser.parse_file(block)
    ~~~~~~~~~~~~~~~~~^^^^^^^
  File "C:\Users\nagzz\AppData\Local\Programs\Python\Python313\Lib\site-packages\dbt\parser\macros.py", line 104, in parse_file
    for node in self.parse_unparsed_macros(base_node):
                ~~~~~~~~~~~~~~~~~~~~~~~~~~^^^^^^^^^^^
  File "C:\Users\nagzz\AppData\Local\Programs\Python\Python313\Lib\site-packages\dbt\parser\macros.py", line 85, in parse_unparsed_macros
    node.supported_languages = jinja.get_supported_languages(macro)
                               ~~~~~~~~~~~~~~~~~~~~~~~~~~~~~^^^^^^^
  File "C:\Users\nagzz\AppData\Local\Programs\Python\Python313\Lib\site-packages\dbt\clients\jinja.py", line 685, in get_supported_languages
    ModelLanguage[item.value] for item in node.defaults[-(len(node.args) - lang_idx)].items
    ~~~~~~~~~~~~~^^^^^^^^^^^^
  File "C:\Users\nagzz\AppData\Local\Programs\Python\Python313\Lib\enum.py", line 793, in __getitem__
    return cls._member_map_[name]
           ~~~~~~~~~~~~~~~~^^^^^^
KeyError: 'javascript'

[0m16:01:14.855467 [debug] [MainThread]: Command `dbt run` failed at 16:01:14.855064 after 5.08 seconds
[0m16:01:14.856397 [debug] [MainThread]: Sending event: {'category': 'dbt', 'action': 'invocation', 'label': 'end', 'context': [<snowplow_tracker.self_describing_json.SelfDescribingJson object at 0x0000027387478230>, <snowplow_tracker.self_describing_json.SelfDescribingJson object at 0x000002738747B020>, <snowplow_tracker.self_describing_json.SelfDescribingJson object at 0x00000273870B3E70>]}
[0m16:01:14.857215 [debug] [MainThread]: Flushing usage events
[0m16:03:58.727686 [debug] [MainThread]: Sending event: {'category': 'dbt', 'action': 'invocation', 'label': 'start', 'context': [<snowplow_tracker.self_describing_json.SelfDescribingJson object at 0x00000225728297F0>, <snowplow_tracker.self_describing_json.SelfDescribingJson object at 0x0000022574B1C550>, <snowplow_tracker.self_describing_json.SelfDescribingJson object at 0x0000022574B1CA50>]}


============================== 16:03:58.742138 | 21c0de60-6cc5-481c-bf3e-e36996bcf55b ==============================
[0m16:03:58.742138 [info ] [MainThread]: Running with dbt=1.5.0
[0m16:03:58.744590 [debug] [MainThread]: running dbt with arguments {'printer_width': '80', 'target_path': 'None', 'cache_selected_only': 'False', 'warn_error': 'None', 'profiles_dir': 'C:\\Users\\nagzz\\.dbt', 'debug': 'False', 'static_parser': 'True', 'log_cache_events': 'False', 'quiet': 'False', 'log_format': 'default', 'use_colors': 'True', 'partial_parse': 'True', 'version_check': 'True', 'log_path': 'E:\\OrderWave\\dbt_project\\logs', 'introspect': 'True', 'no_print': 'None', 'fail_fast': 'False', 'warn_error_options': 'WarnErrorOptions(include=[], exclude=[])', 'send_anonymous_usage_stats': 'True', 'indirect_selection': 'eager', 'use_experimental_parser': 'False', 'write_json': 'True'}
[0m16:03:58.951065 [debug] [MainThread]: Sending event: {'category': 'dbt', 'action': 'project_id', 'label': '21c0de60-6cc5-481c-bf3e-e36996bcf55b', 'context': [<snowplow_tracker.self_describing_json.SelfDescribingJson object at 0x0000022574A535C0>]}
[0m16:03:58.995202 [debug] [MainThread]: Sending event: {'category': 'dbt', 'action': 'adapter_info', 'label': '21c0de60-6cc5-481c-bf3e-e36996bcf55b', 'context': [<snowplow_tracker.self_describing_json.SelfDescribingJson object at 0x0000022574B605A0>]}
[0m16:03:59.020861 [debug] [MainThread]: checksum: 4568eb639a77b8fcb3a1f4a07856f42b1ff63f1376652889143968e1dbdafbda, vars: {}, profile: , target: , version: 1.5.0
[0m16:03:59.023560 [info ] [MainThread]: Unable to do partial parsing because saved manifest not found. Starting full parse.
[0m16:03:59.024800 [debug] [MainThread]: Sending event: {'category': 'dbt', 'action': 'partial_parser', 'label': '21c0de60-6cc5-481c-bf3e-e36996bcf55b', 'context': [<snowplow_tracker.self_describing_json.SelfDescribingJson object at 0x0000022574C11850>]}
[0m16:04:00.560238 [error] [MainThread]: Encountered an error:
'javascript'
[0m16:04:00.571063 [error] [MainThread]: Traceback (most recent call last):
  File "C:\Users\nagzz\AppData\Local\Programs\Python\Python313\Lib\site-packages\dbt\cli\requires.py", line 86, in wrapper
    result, success = func(*args, **kwargs)
                      ~~~~^^^^^^^^^^^^^^^^^
  File "C:\Users\nagzz\AppData\Local\Programs\Python\Python313\Lib\site-packages\dbt\cli\requires.py", line 71, in wrapper
    return func(*args, **kwargs)
  File "C:\Users\nagzz\AppData\Local\Programs\Python\Python313\Lib\site-packages\dbt\cli\requires.py", line 142, in wrapper
    return func(*args, **kwargs)
  File "C:\Users\nagzz\AppData\Local\Programs\Python\Python313\Lib\site-packages\dbt\cli\requires.py", line 168, in wrapper
    return func(*args, **kwargs)
  File "C:\Users\nagzz\AppData\Local\Programs\Python\Python313\Lib\site-packages\dbt\cli\requires.py", line 215, in wrapper
    return func(*args, **kwargs)
  File "C:\Users\nagzz\AppData\Local\Programs\Python\Python313\Lib\site-packages\dbt\cli\requires.py", line 242, in wrapper
    manifest = ManifestLoader.get_full_manifest(
        runtime_config, write_perf_info=write_perf_info
    )
  File "C:\Users\nagzz\AppData\Local\Programs\Python\Python313\Lib\site-packages\dbt\parser\manifest.py", line 227, in get_full_manifest
    manifest = loader.load()
  File "C:\Users\nagzz\AppData\Local\Programs\Python\Python313\Lib\site-packages\dbt\parser\manifest.py", line 351, in load
    self.load_and_parse_macros(project_parser_files)
    ~~~~~~~~~~~~~~~~~~~~~~~~~~^^^^^^^^^^^^^^^^^^^^^^
  File "C:\Users\nagzz\AppData\Local\Programs\Python\Python313\Lib\site-packages\dbt\parser\manifest.py", line 459, in load_and_parse_macros
    parser.parse_file(block)
    ~~~~~~~~~~~~~~~~~^^^^^^^
  File "C:\Users\nagzz\AppData\Local\Programs\Python\Python313\Lib\site-packages\dbt\parser\macros.py", line 109, in parse_file
    for node in self.parse_unparsed_macros(base_node):
                ~~~~~~~~~~~~~~~~~~~~~~~~~~^^^^^^^^^^^
  File "C:\Users\nagzz\AppData\Local\Programs\Python\Python313\Lib\site-packages\dbt\parser\macros.py", line 88, in parse_unparsed_macros
    node.supported_languages = jinja.get_supported_languages(macro)
                               ~~~~~~~~~~~~~~~~~~~~~~~~~~~~~^^^^^^^
  File "C:\Users\nagzz\AppData\Local\Programs\Python\Python313\Lib\site-packages\dbt\clients\jinja.py", line 671, in get_supported_languages
    ModelLanguage[item.value] for item in node.defaults[-(len(node.args) - lang_idx)].items
    ~~~~~~~~~~~~~^^^^^^^^^^^^
  File "C:\Users\nagzz\AppData\Local\Programs\Python\Python313\Lib\enum.py", line 793, in __getitem__
    return cls._member_map_[name]
           ~~~~~~~~~~~~~~~~^^^^^^
KeyError: 'javascript'

[0m16:04:00.576337 [debug] [MainThread]: Command `dbt run` failed at 16:04:00.575624 after 2.08 seconds
[0m16:04:00.577236 [debug] [MainThread]: Sending event: {'category': 'dbt', 'action': 'invocation', 'label': 'end', 'context': [<snowplow_tracker.self_describing_json.SelfDescribingJson object at 0x0000022574CC1B80>, <snowplow_tracker.self_describing_json.SelfDescribingJson object at 0x0000022574AC3C50>, <snowplow_tracker.self_describing_json.SelfDescribingJson object at 0x0000022574B23AF0>]}
[0m16:04:00.578026 [debug] [MainThread]: Flushing usage events
[0m16:20:40.355471 [debug] [MainThread]: Sending event: {'category': 'dbt', 'action': 'invocation', 'label': 'start', 'context': [<snowplow_tracker.self_describing_json.SelfDescribingJson object at 0x0000018ACA777C90>, <snowplow_tracker.self_describing_json.SelfDescribingJson object at 0x0000018ACA774350>, <snowplow_tracker.self_describing_json.SelfDescribingJson object at 0x0000018AC91E56D0>]}


============================== 16:20:40.399623 | 430021e0-92b8-4f27-a968-94a598117321 ==============================
[0m16:20:40.399623 [info ] [MainThread]: Running with dbt=1.7.0
[0m16:20:40.399623 [debug] [MainThread]: running dbt with arguments {'use_colors': 'True', 'use_experimental_parser': 'False', 'profiles_dir': 'C:\\Users\\nagzz\\.dbt', 'printer_width': '80', 'introspect': 'True', 'log_format': 'default', 'partial_parse': 'True', 'warn_error_options': 'WarnErrorOptions(include=[], exclude=[])', 'log_cache_events': 'False', 'warn_error': 'None', 'quiet': 'False', 'target_path': 'None', 'debug': 'False', 'static_parser': 'True', 'indirect_selection': 'eager', 'no_print': 'None', 'send_anonymous_usage_stats': 'True', 'version_check': 'True', 'invocation_command': 'dbt debug', 'cache_selected_only': 'False', 'log_path': 'E:\\OrderWave\\dbt_project\\logs', 'write_json': 'True', 'fail_fast': 'False'}
[0m16:20:40.403606 [info ] [MainThread]: dbt version: 1.7.0
[0m16:20:40.406329 [info ] [MainThread]: python version: 3.11.9
[0m16:20:40.409887 [info ] [MainThread]: python path: E:\OrderWave\venv\Scripts\python.exe
[0m16:20:40.412039 [info ] [MainThread]: os info: Windows-10-10.0.26200-SP0
[0m16:20:40.983631 [info ] [MainThread]: Using profiles dir at C:\Users\nagzz\.dbt
[0m16:20:40.986834 [info ] [MainThread]: Using profiles.yml file at C:\Users\nagzz\.dbt\profiles.yml
[0m16:20:40.988847 [info ] [MainThread]: Using dbt_project.yml file at E:\OrderWave\dbt_project\dbt_project.yml
[0m16:20:40.995682 [info ] [MainThread]: adapter type: postgres
[0m16:20:40.998703 [info ] [MainThread]: adapter version: 1.7.0
[0m16:20:41.187856 [info ] [MainThread]: Configuration:
[0m16:20:41.190248 [info ] [MainThread]:   profiles.yml file [[32mOK found and valid[0m]
[0m16:20:41.191399 [info ] [MainThread]:   dbt_project.yml file [[32mOK found and valid[0m]
[0m16:20:41.194246 [info ] [MainThread]: Required dependencies:
[0m16:20:41.198252 [debug] [MainThread]: Executing "git --help"
[0m16:20:41.316591 [debug] [MainThread]: STDOUT: "b"usage: git [-v | --version] [-h | --help] [-C <path>] [-c <name>=<value>]\n           [--exec-path[=<path>]] [--html-path] [--man-path] [--info-path]\n           [-p | --paginate | -P | --no-pager] [--no-replace-objects] [--no-lazy-fetch]\n           [--no-optional-locks] [--no-advice] [--bare] [--git-dir=<path>]\n           [--work-tree=<path>] [--namespace=<name>] [--config-env=<name>=<envvar>]\n           <command> [<args>]\n\nThese are common Git commands used in various situations:\n\nstart a working area (see also: git help tutorial)\n   clone      Clone a repository into a new directory\n   init       Create an empty Git repository or reinitialize an existing one\n\nwork on the current change (see also: git help everyday)\n   add        Add file contents to the index\n   mv         Move or rename a file, a directory, or a symlink\n   restore    Restore working tree files\n   rm         Remove files from the working tree and from the index\n\nexamine the history and state (see also: git help revisions)\n   bisect     Use binary search to find the commit that introduced a bug\n   diff       Show changes between commits, commit and working tree, etc\n   grep       Print lines matching a pattern\n   log        Show commit logs\n   show       Show various types of objects\n   status     Show the working tree status\n\ngrow, mark and tweak your common history\n   backfill   Download missing objects in a partial clone\n   branch     List, create, or delete branches\n   commit     Record changes to the repository\n   merge      Join two or more development histories together\n   rebase     Reapply commits on top of another base tip\n   reset      Reset current HEAD to the specified state\n   switch     Switch branches\n   tag        Create, list, delete or verify a tag object signed with GPG\n\ncollaborate (see also: git help workflows)\n   fetch      Download objects and refs from another repository\n   pull       Fetch from and integrate with another repository or a local branch\n   push       Update remote refs along with associated objects\n\n'git help -a' and 'git help -g' list available subcommands and some\nconcept guides. See 'git help <command>' or 'git help <concept>'\nto read about a specific subcommand or concept.\nSee 'git help git' for an overview of the system.\n""
[0m16:20:41.316591 [debug] [MainThread]: STDERR: "b''"
[0m16:20:41.316591 [info ] [MainThread]:  - git [[32mOK found[0m]

[0m16:20:41.316591 [info ] [MainThread]: Connection:
[0m16:20:41.316591 [info ] [MainThread]:   host: 127.0.0.1
[0m16:20:41.325538 [info ] [MainThread]:   port: 5432
[0m16:20:41.329087 [info ] [MainThread]:   user: orderwave
[0m16:20:41.329700 [info ] [MainThread]:   database: orderwave_db
[0m16:20:41.332027 [info ] [MainThread]:   schema: marts
[0m16:20:41.333847 [info ] [MainThread]:   connect_timeout: 10
[0m16:20:41.336597 [info ] [MainThread]:   role: None
[0m16:20:41.336597 [info ] [MainThread]:   search_path: None
[0m16:20:41.340669 [info ] [MainThread]:   keepalives_idle: 0
[0m16:20:41.342428 [info ] [MainThread]:   sslmode: None
[0m16:20:41.345468 [info ] [MainThread]:   sslcert: None
[0m16:20:41.346527 [info ] [MainThread]:   sslkey: None
[0m16:20:41.348595 [info ] [MainThread]:   sslrootcert: None
[0m16:20:41.352445 [info ] [MainThread]:   application_name: dbt
[0m16:20:41.353215 [info ] [MainThread]:   retries: 1
[0m16:20:41.355740 [info ] [MainThread]: Registered adapter: postgres=1.7.0
[0m16:20:41.359424 [debug] [MainThread]: Acquiring new postgres connection 'debug'
[0m16:20:41.360941 [debug] [MainThread]: Using postgres connection "debug"
[0m16:20:41.362965 [debug] [MainThread]: On debug: select 1 as id
[0m16:20:41.362965 [debug] [MainThread]: Opening a new connection, currently in state init
[0m16:20:41.417594 [debug] [MainThread]: SQL status: SELECT 1 in 0.0 seconds
[0m16:20:41.420327 [debug] [MainThread]: On debug: Close
[0m16:20:41.421998 [info ] [MainThread]:   Connection test: [[32mOK connection ok[0m]

[0m16:20:41.423879 [info ] [MainThread]: [32mAll checks passed![0m
[0m16:20:41.427859 [debug] [MainThread]: Command `dbt debug` succeeded at 16:20:41.427249 after 1.20 seconds
[0m16:20:41.428909 [debug] [MainThread]: Connection 'debug' was properly closed.
[0m16:20:41.430932 [debug] [MainThread]: Sending event: {'category': 'dbt', 'action': 'invocation', 'label': 'end', 'context': [<snowplow_tracker.self_describing_json.SelfDescribingJson object at 0x0000018ACA8B4B90>, <snowplow_tracker.self_describing_json.SelfDescribingJson object at 0x0000018AC84A8590>, <snowplow_tracker.self_describing_json.SelfDescribingJson object at 0x0000018AC8A83710>]}
[0m16:20:41.433236 [debug] [MainThread]: Flushing usage events
[0m16:21:47.831229 [debug] [MainThread]: Sending event: {'category': 'dbt', 'action': 'invocation', 'label': 'start', 'context': [<snowplow_tracker.self_describing_json.SelfDescribingJson object at 0x000001B72FC759D0>, <snowplow_tracker.self_describing_json.SelfDescribingJson object at 0x000001B72C96CB50>, <snowplow_tracker.self_describing_json.SelfDescribingJson object at 0x000001B72E976A10>]}


============================== 16:21:47.851081 | d4ceb69e-d4f4-41b3-8f16-e04391aabaec ==============================
[0m16:21:47.851081 [info ] [MainThread]: Running with dbt=1.7.0
[0m16:21:47.857471 [debug] [MainThread]: running dbt with arguments {'use_colors': 'True', 'use_experimental_parser': 'False', 'profiles_dir': 'C:\\Users\\nagzz\\.dbt', 'printer_width': '80', 'introspect': 'True', 'log_format': 'default', 'partial_parse': 'True', 'warn_error_options': 'WarnErrorOptions(include=[], exclude=[])', 'log_cache_events': 'False', 'quiet': 'False', 'warn_error': 'None', 'target_path': 'None', 'static_parser': 'True', 'debug': 'False', 'indirect_selection': 'eager', 'no_print': 'None', 'send_anonymous_usage_stats': 'True', 'version_check': 'True', 'invocation_command': 'dbt run', 'cache_selected_only': 'False', 'log_path': 'E:\\OrderWave\\dbt_project\\logs', 'write_json': 'True', 'fail_fast': 'False'}
[0m16:21:48.358072 [debug] [MainThread]: Sending event: {'category': 'dbt', 'action': 'project_id', 'label': 'd4ceb69e-d4f4-41b3-8f16-e04391aabaec', 'context': [<snowplow_tracker.self_describing_json.SelfDescribingJson object at 0x000001B72E915F50>]}
[0m16:21:48.640628 [debug] [MainThread]: Sending event: {'category': 'dbt', 'action': 'adapter_info', 'label': 'd4ceb69e-d4f4-41b3-8f16-e04391aabaec', 'context': [<snowplow_tracker.self_describing_json.SelfDescribingJson object at 0x000001B72FBCC910>]}
[0m16:21:48.647729 [info ] [MainThread]: Registered adapter: postgres=1.7.0
[0m16:21:48.728013 [debug] [MainThread]: checksum: 8434eacd4ffdf0ca3ab22bf0e2d55b45306c9599613e842b959405abc489e606, vars: {}, profile: , target: , version: 1.7.0
[0m16:21:48.730056 [info ] [MainThread]: Unable to do partial parsing because saved manifest not found. Starting full parse.
[0m16:21:48.735553 [debug] [MainThread]: Sending event: {'category': 'dbt', 'action': 'partial_parser', 'label': 'd4ceb69e-d4f4-41b3-8f16-e04391aabaec', 'context': [<snowplow_tracker.self_describing_json.SelfDescribingJson object at 0x000001B72E8E3810>]}
[0m16:21:54.586023 [debug] [MainThread]: Sending event: {'category': 'dbt', 'action': 'load_project', 'label': 'd4ceb69e-d4f4-41b3-8f16-e04391aabaec', 'context': [<snowplow_tracker.self_describing_json.SelfDescribingJson object at 0x000001B72FFF2FD0>]}
[0m16:21:54.626216 [debug] [MainThread]: Sending event: {'category': 'dbt', 'action': 'resource_counts', 'label': 'd4ceb69e-d4f4-41b3-8f16-e04391aabaec', 'context': [<snowplow_tracker.self_describing_json.SelfDescribingJson object at 0x000001B73017E490>]}
[0m16:21:54.637386 [info ] [MainThread]: Found 7 models, 0 sources, 0 exposures, 0 metrics, 401 macros, 0 groups, 0 semantic models
[0m16:21:54.641877 [debug] [MainThread]: Sending event: {'category': 'dbt', 'action': 'runnable_timing', 'label': 'd4ceb69e-d4f4-41b3-8f16-e04391aabaec', 'context': [<snowplow_tracker.self_describing_json.SelfDescribingJson object at 0x000001B7300D3DD0>]}
[0m16:21:54.645827 [info ] [MainThread]: 
[0m16:21:54.655826 [debug] [MainThread]: Acquiring new postgres connection 'master'
[0m16:21:54.665559 [debug] [ThreadPool]: Acquiring new postgres connection 'list_orderwave_db'
[0m16:21:54.718182 [debug] [ThreadPool]: Using postgres connection "list_orderwave_db"
[0m16:21:54.726617 [debug] [ThreadPool]: On list_orderwave_db: /* {"app": "dbt", "dbt_version": "1.7.0", "profile_name": "orderwave", "target_name": "dev", "connection_name": "list_orderwave_db"} */

    select distinct nspname from pg_namespace
  
[0m16:21:54.726617 [debug] [ThreadPool]: Opening a new connection, currently in state init
[0m16:21:54.790325 [debug] [ThreadPool]: SQL status: SELECT 5 in 0.0 seconds
[0m16:21:54.795466 [debug] [ThreadPool]: On list_orderwave_db: Close
[0m16:21:54.809162 [debug] [ThreadPool]: Using postgres connection "list_orderwave_db"
[0m16:21:54.811459 [debug] [ThreadPool]: On list_orderwave_db: /* {"app": "dbt", "dbt_version": "1.7.0", "profile_name": "orderwave", "target_name": "dev", "connection_name": "list_orderwave_db"} */

    select distinct nspname from pg_namespace
  
[0m16:21:54.812603 [debug] [ThreadPool]: Opening a new connection, currently in state closed
[0m16:21:54.849017 [debug] [ThreadPool]: SQL status: SELECT 5 in 0.0 seconds
[0m16:21:54.852956 [debug] [ThreadPool]: On list_orderwave_db: Close
[0m16:21:54.857454 [debug] [ThreadPool]: Re-using an available connection from the pool (formerly list_orderwave_db, now create_orderwave_db_marts_staging)
[0m16:21:54.859814 [debug] [ThreadPool]: Creating schema "database: "orderwave_db"
schema: "marts_staging"
"
[0m16:21:54.880743 [debug] [ThreadPool]: Using postgres connection "create_orderwave_db_marts_staging"
[0m16:21:54.880743 [debug] [ThreadPool]: On create_orderwave_db_marts_staging: BEGIN
[0m16:21:54.884869 [debug] [ThreadPool]: Opening a new connection, currently in state closed
[0m16:21:54.936351 [debug] [ThreadPool]: SQL status: BEGIN in 0.0 seconds
[0m16:21:54.938549 [debug] [ThreadPool]: Using postgres connection "create_orderwave_db_marts_staging"
[0m16:21:54.940608 [debug] [ThreadPool]: On create_orderwave_db_marts_staging: /* {"app": "dbt", "dbt_version": "1.7.0", "profile_name": "orderwave", "target_name": "dev", "connection_name": "create_orderwave_db_marts_staging"} */
create schema if not exists "marts_staging"
[0m16:21:54.955506 [debug] [ThreadPool]: SQL status: CREATE SCHEMA in 0.0 seconds
[0m16:21:54.956379 [debug] [ThreadPool]: On create_orderwave_db_marts_staging: COMMIT
[0m16:21:54.960544 [debug] [ThreadPool]: Using postgres connection "create_orderwave_db_marts_staging"
[0m16:21:54.960544 [debug] [ThreadPool]: On create_orderwave_db_marts_staging: COMMIT
[0m16:21:54.969873 [debug] [ThreadPool]: SQL status: COMMIT in 0.0 seconds
[0m16:21:54.972040 [debug] [ThreadPool]: On create_orderwave_db_marts_staging: Close
[0m16:21:54.977100 [debug] [ThreadPool]: Re-using an available connection from the pool (formerly create_orderwave_db_marts_staging, now create_orderwave_db_marts_marts)
[0m16:21:54.981460 [debug] [ThreadPool]: Creating schema "database: "orderwave_db"
schema: "marts_marts"
"
[0m16:21:54.986418 [debug] [ThreadPool]: Using postgres connection "create_orderwave_db_marts_marts"
[0m16:21:54.990585 [debug] [ThreadPool]: On create_orderwave_db_marts_marts: BEGIN
[0m16:21:54.990585 [debug] [ThreadPool]: Opening a new connection, currently in state closed
[0m16:21:55.047482 [debug] [ThreadPool]: SQL status: BEGIN in 0.0 seconds
[0m16:21:55.051376 [debug] [ThreadPool]: Using postgres connection "create_orderwave_db_marts_marts"
[0m16:21:55.054149 [debug] [ThreadPool]: On create_orderwave_db_marts_marts: /* {"app": "dbt", "dbt_version": "1.7.0", "profile_name": "orderwave", "target_name": "dev", "connection_name": "create_orderwave_db_marts_marts"} */
create schema if not exists "marts_marts"
[0m16:21:55.060166 [debug] [ThreadPool]: SQL status: CREATE SCHEMA in 0.0 seconds
[0m16:21:55.060992 [debug] [ThreadPool]: On create_orderwave_db_marts_marts: COMMIT
[0m16:21:55.065656 [debug] [ThreadPool]: Using postgres connection "create_orderwave_db_marts_marts"
[0m16:21:55.068708 [debug] [ThreadPool]: On create_orderwave_db_marts_marts: COMMIT
[0m16:21:55.076477 [debug] [ThreadPool]: SQL status: COMMIT in 0.0 seconds
[0m16:21:55.078830 [debug] [ThreadPool]: On create_orderwave_db_marts_marts: Close
[0m16:21:55.087421 [debug] [ThreadPool]: Acquiring new postgres connection 'list_orderwave_db_marts_staging'
[0m16:21:55.099232 [debug] [ThreadPool]: Using postgres connection "list_orderwave_db_marts_staging"
[0m16:21:55.099232 [debug] [ThreadPool]: On list_orderwave_db_marts_staging: BEGIN
[0m16:21:55.099232 [debug] [ThreadPool]: Opening a new connection, currently in state init
[0m16:21:55.148422 [debug] [ThreadPool]: SQL status: BEGIN in 0.0 seconds
[0m16:21:55.150693 [debug] [ThreadPool]: Using postgres connection "list_orderwave_db_marts_staging"
[0m16:21:55.152395 [debug] [ThreadPool]: On list_orderwave_db_marts_staging: /* {"app": "dbt", "dbt_version": "1.7.0", "profile_name": "orderwave", "target_name": "dev", "connection_name": "list_orderwave_db_marts_staging"} */
select
      'orderwave_db' as database,
      tablename as name,
      schemaname as schema,
      'table' as type
    from pg_tables
    where schemaname ilike 'marts_staging'
    union all
    select
      'orderwave_db' as database,
      viewname as name,
      schemaname as schema,
      'view' as type
    from pg_views
    where schemaname ilike 'marts_staging'
    union all
    select
      'orderwave_db' as database,
      matviewname as name,
      schemaname as schema,
      'materialized_view' as type
    from pg_matviews
    where schemaname ilike 'marts_staging'
  
[0m16:21:55.172840 [debug] [ThreadPool]: SQL status: SELECT 0 in 0.0 seconds
[0m16:21:55.177706 [debug] [ThreadPool]: On list_orderwave_db_marts_staging: ROLLBACK
[0m16:21:55.184000 [debug] [ThreadPool]: On list_orderwave_db_marts_staging: Close
[0m16:21:55.190972 [debug] [ThreadPool]: Re-using an available connection from the pool (formerly list_orderwave_db_marts_staging, now list_orderwave_db_marts_marts)
[0m16:21:55.195582 [debug] [ThreadPool]: Using postgres connection "list_orderwave_db_marts_marts"
[0m16:21:55.202330 [debug] [ThreadPool]: On list_orderwave_db_marts_marts: BEGIN
[0m16:21:55.202844 [debug] [ThreadPool]: Opening a new connection, currently in state closed
[0m16:21:55.246885 [debug] [ThreadPool]: SQL status: BEGIN in 0.0 seconds
[0m16:21:55.249272 [debug] [ThreadPool]: Using postgres connection "list_orderwave_db_marts_marts"
[0m16:21:55.251305 [debug] [ThreadPool]: On list_orderwave_db_marts_marts: /* {"app": "dbt", "dbt_version": "1.7.0", "profile_name": "orderwave", "target_name": "dev", "connection_name": "list_orderwave_db_marts_marts"} */
select
      'orderwave_db' as database,
      tablename as name,
      schemaname as schema,
      'table' as type
    from pg_tables
    where schemaname ilike 'marts_marts'
    union all
    select
      'orderwave_db' as database,
      viewname as name,
      schemaname as schema,
      'view' as type
    from pg_views
    where schemaname ilike 'marts_marts'
    union all
    select
      'orderwave_db' as database,
      matviewname as name,
      schemaname as schema,
      'materialized_view' as type
    from pg_matviews
    where schemaname ilike 'marts_marts'
  
[0m16:21:55.261273 [debug] [ThreadPool]: SQL status: SELECT 0 in 0.0 seconds
[0m16:21:55.265839 [debug] [ThreadPool]: On list_orderwave_db_marts_marts: ROLLBACK
[0m16:21:55.271608 [debug] [ThreadPool]: On list_orderwave_db_marts_marts: Close
[0m16:21:55.284955 [debug] [MainThread]: Using postgres connection "master"
[0m16:21:55.287967 [debug] [MainThread]: On master: BEGIN
[0m16:21:55.289118 [debug] [MainThread]: Opening a new connection, currently in state init
[0m16:21:55.331134 [debug] [MainThread]: SQL status: BEGIN in 0.0 seconds
[0m16:21:55.333399 [debug] [MainThread]: Using postgres connection "master"
[0m16:21:55.337262 [debug] [MainThread]: On master: /* {"app": "dbt", "dbt_version": "1.7.0", "profile_name": "orderwave", "target_name": "dev", "connection_name": "master"} */
with relation as (
        select
            pg_rewrite.ev_class as class,
            pg_rewrite.oid as id
        from pg_rewrite
    ),
    class as (
        select
            oid as id,
            relname as name,
            relnamespace as schema,
            relkind as kind
        from pg_class
    ),
    dependency as (
        select distinct
            pg_depend.objid as id,
            pg_depend.refobjid as ref
        from pg_depend
    ),
    schema as (
        select
            pg_namespace.oid as id,
            pg_namespace.nspname as name
        from pg_namespace
        where nspname != 'information_schema' and nspname not like 'pg\_%'
    ),
    referenced as (
        select
            relation.id AS id,
            referenced_class.name ,
            referenced_class.schema ,
            referenced_class.kind
        from relation
        join class as referenced_class on relation.class=referenced_class.id
        where referenced_class.kind in ('r', 'v', 'm')
    ),
    relationships as (
        select
            referenced.name as referenced_name,
            referenced.schema as referenced_schema_id,
            dependent_class.name as dependent_name,
            dependent_class.schema as dependent_schema_id,
            referenced.kind as kind
        from referenced
        join dependency on referenced.id=dependency.id
        join class as dependent_class on dependency.ref=dependent_class.id
        where
            (referenced.name != dependent_class.name or
             referenced.schema != dependent_class.schema)
    )

    select
        referenced_schema.name as referenced_schema,
        relationships.referenced_name as referenced_name,
        dependent_schema.name as dependent_schema,
        relationships.dependent_name as dependent_name
    from relationships
    join schema as dependent_schema on relationships.dependent_schema_id=dependent_schema.id
    join schema as referenced_schema on relationships.referenced_schema_id=referenced_schema.id
    group by referenced_schema, referenced_name, dependent_schema, dependent_name
    order by referenced_schema, referenced_name, dependent_schema, dependent_name;
[0m16:21:55.394128 [debug] [MainThread]: SQL status: SELECT 0 in 0.0 seconds
[0m16:21:55.401395 [debug] [MainThread]: Sending event: {'category': 'dbt', 'action': 'runnable_timing', 'label': 'd4ceb69e-d4f4-41b3-8f16-e04391aabaec', 'context': [<snowplow_tracker.self_describing_json.SelfDescribingJson object at 0x000001B73007B890>]}
[0m16:21:55.404238 [debug] [MainThread]: On master: ROLLBACK
[0m16:21:55.409037 [debug] [MainThread]: Using postgres connection "master"
[0m16:21:55.411811 [debug] [MainThread]: On master: BEGIN
[0m16:21:55.419061 [debug] [MainThread]: SQL status: BEGIN in 0.0 seconds
[0m16:21:55.422065 [debug] [MainThread]: On master: COMMIT
[0m16:21:55.424611 [debug] [MainThread]: Using postgres connection "master"
[0m16:21:55.426331 [debug] [MainThread]: On master: COMMIT
[0m16:21:55.430593 [debug] [MainThread]: SQL status: COMMIT in 0.0 seconds
[0m16:21:55.432824 [debug] [MainThread]: On master: Close
[0m16:21:55.442587 [info ] [MainThread]: Concurrency: 1 threads (target='dev')
[0m16:21:55.445964 [info ] [MainThread]: 
[0m16:21:55.519841 [debug] [Thread-1 (]: Began running node model.orderwave.stg_inventory
[0m16:21:55.526774 [info ] [Thread-1 (]: 1 of 7 START sql view model marts_staging.stg_inventory ........................ [RUN]
[0m16:21:55.526774 [debug] [Thread-1 (]: Acquiring new postgres connection 'model.orderwave.stg_inventory'
[0m16:21:55.526774 [debug] [Thread-1 (]: Began compiling node model.orderwave.stg_inventory
[0m16:21:55.550806 [debug] [Thread-1 (]: Writing injected SQL for node "model.orderwave.stg_inventory"
[0m16:21:55.565751 [debug] [Thread-1 (]: Timing info for model.orderwave.stg_inventory (compile): 16:21:55.526774 => 16:21:55.560879
[0m16:21:55.567512 [debug] [Thread-1 (]: Began executing node model.orderwave.stg_inventory
[0m16:21:55.652589 [debug] [Thread-1 (]: Writing runtime sql for node "model.orderwave.stg_inventory"
[0m16:21:55.661607 [debug] [Thread-1 (]: Using postgres connection "model.orderwave.stg_inventory"
[0m16:21:55.663944 [debug] [Thread-1 (]: On model.orderwave.stg_inventory: BEGIN
[0m16:21:55.666490 [debug] [Thread-1 (]: Opening a new connection, currently in state init
[0m16:21:55.725610 [debug] [Thread-1 (]: SQL status: BEGIN in 0.0 seconds
[0m16:21:55.727449 [debug] [Thread-1 (]: Using postgres connection "model.orderwave.stg_inventory"
[0m16:21:55.735866 [debug] [Thread-1 (]: On model.orderwave.stg_inventory: /* {"app": "dbt", "dbt_version": "1.7.0", "profile_name": "orderwave", "target_name": "dev", "node_id": "model.orderwave.stg_inventory"} */

  create view "orderwave_db"."marts_staging"."stg_inventory__dbt_tmp"
    
    
  as (
    SELECT
    product_id,
    warehouse_id,
    warehouse_name,
    stock_quantity,
    reorder_level,
    last_updated::date AS last_updated,
    CASE WHEN stock_quantity < reorder_level THEN true ELSE false END AS is_low_stock,
    ingested_at
FROM raw.inventory
WHERE product_id IS NOT NULL
  );
[0m16:21:55.776657 [debug] [Thread-1 (]: SQL status: CREATE VIEW in 0.0 seconds
[0m16:21:55.808548 [debug] [Thread-1 (]: Using postgres connection "model.orderwave.stg_inventory"
[0m16:21:55.814141 [debug] [Thread-1 (]: On model.orderwave.stg_inventory: /* {"app": "dbt", "dbt_version": "1.7.0", "profile_name": "orderwave", "target_name": "dev", "node_id": "model.orderwave.stg_inventory"} */
alter table "orderwave_db"."marts_staging"."stg_inventory__dbt_tmp" rename to "stg_inventory"
[0m16:21:55.822842 [debug] [Thread-1 (]: SQL status: ALTER TABLE in 0.0 seconds
[0m16:21:55.870755 [debug] [Thread-1 (]: On model.orderwave.stg_inventory: COMMIT
[0m16:21:55.872087 [debug] [Thread-1 (]: Using postgres connection "model.orderwave.stg_inventory"
[0m16:21:55.875514 [debug] [Thread-1 (]: On model.orderwave.stg_inventory: COMMIT
[0m16:21:55.884503 [debug] [Thread-1 (]: SQL status: COMMIT in 0.0 seconds
[0m16:21:55.927120 [debug] [Thread-1 (]: Applying DROP to: "orderwave_db"."marts_staging"."stg_inventory__dbt_backup"
[0m16:21:55.954229 [debug] [Thread-1 (]: Using postgres connection "model.orderwave.stg_inventory"
[0m16:21:55.955739 [debug] [Thread-1 (]: On model.orderwave.stg_inventory: /* {"app": "dbt", "dbt_version": "1.7.0", "profile_name": "orderwave", "target_name": "dev", "node_id": "model.orderwave.stg_inventory"} */
drop view if exists "orderwave_db"."marts_staging"."stg_inventory__dbt_backup" cascade
[0m16:21:55.961842 [debug] [Thread-1 (]: SQL status: DROP VIEW in 0.0 seconds
[0m16:21:55.970865 [debug] [Thread-1 (]: Timing info for model.orderwave.stg_inventory (execute): 16:21:55.570290 => 16:21:55.967036
[0m16:21:55.972058 [debug] [Thread-1 (]: On model.orderwave.stg_inventory: Close
[0m16:21:55.974630 [debug] [Thread-1 (]: Sending event: {'category': 'dbt', 'action': 'run_model', 'label': 'd4ceb69e-d4f4-41b3-8f16-e04391aabaec', 'context': [<snowplow_tracker.self_describing_json.SelfDescribingJson object at 0x000001B72FFD1010>]}
[0m16:21:55.975651 [info ] [Thread-1 (]: 1 of 7 OK created sql view model marts_staging.stg_inventory ................... [[32mCREATE VIEW[0m in 0.45s]
[0m16:21:55.980412 [debug] [Thread-1 (]: Finished running node model.orderwave.stg_inventory
[0m16:21:55.982124 [debug] [Thread-1 (]: Began running node model.orderwave.stg_orders
[0m16:21:55.983948 [info ] [Thread-1 (]: 2 of 7 START sql view model marts_staging.stg_orders ........................... [RUN]
[0m16:21:55.987925 [debug] [Thread-1 (]: Re-using an available connection from the pool (formerly model.orderwave.stg_inventory, now model.orderwave.stg_orders)
[0m16:21:55.989119 [debug] [Thread-1 (]: Began compiling node model.orderwave.stg_orders
[0m16:21:55.991459 [debug] [Thread-1 (]: Writing injected SQL for node "model.orderwave.stg_orders"
[0m16:21:55.995449 [debug] [Thread-1 (]: Timing info for model.orderwave.stg_orders (compile): 16:21:55.989704 => 16:21:55.995449
[0m16:21:55.999727 [debug] [Thread-1 (]: Began executing node model.orderwave.stg_orders
[0m16:21:56.014398 [debug] [Thread-1 (]: Writing runtime sql for node "model.orderwave.stg_orders"
[0m16:21:56.019301 [debug] [Thread-1 (]: Using postgres connection "model.orderwave.stg_orders"
[0m16:21:56.020972 [debug] [Thread-1 (]: On model.orderwave.stg_orders: BEGIN
[0m16:21:56.024585 [debug] [Thread-1 (]: Opening a new connection, currently in state closed
[0m16:21:56.066800 [debug] [Thread-1 (]: SQL status: BEGIN in 0.0 seconds
[0m16:21:56.069467 [debug] [Thread-1 (]: Using postgres connection "model.orderwave.stg_orders"
[0m16:21:56.071691 [debug] [Thread-1 (]: On model.orderwave.stg_orders: /* {"app": "dbt", "dbt_version": "1.7.0", "profile_name": "orderwave", "target_name": "dev", "node_id": "model.orderwave.stg_orders"} */

  create view "orderwave_db"."marts_staging"."stg_orders__dbt_tmp"
    
    
  as (
    SELECT
    order_id,
    customer_id,
    customer_name,
    customer_email,
    product_id,
    quantity,
    unit_price,
    total_amount,
    order_status,
    order_date::date AS order_date,
    city,
    state,
    ingested_at
FROM raw.orders
WHERE order_id IS NOT NULL
  );
[0m16:21:56.080933 [debug] [Thread-1 (]: SQL status: CREATE VIEW in 0.0 seconds
[0m16:21:56.091134 [debug] [Thread-1 (]: Using postgres connection "model.orderwave.stg_orders"
[0m16:21:56.091687 [debug] [Thread-1 (]: On model.orderwave.stg_orders: /* {"app": "dbt", "dbt_version": "1.7.0", "profile_name": "orderwave", "target_name": "dev", "node_id": "model.orderwave.stg_orders"} */
alter table "orderwave_db"."marts_staging"."stg_orders__dbt_tmp" rename to "stg_orders"
[0m16:21:56.097506 [debug] [Thread-1 (]: SQL status: ALTER TABLE in 0.0 seconds
[0m16:21:56.102941 [debug] [Thread-1 (]: On model.orderwave.stg_orders: COMMIT
[0m16:21:56.104661 [debug] [Thread-1 (]: Using postgres connection "model.orderwave.stg_orders"
[0m16:21:56.106352 [debug] [Thread-1 (]: On model.orderwave.stg_orders: COMMIT
[0m16:21:56.112741 [debug] [Thread-1 (]: SQL status: COMMIT in 0.0 seconds
[0m16:21:56.121196 [debug] [Thread-1 (]: Applying DROP to: "orderwave_db"."marts_staging"."stg_orders__dbt_backup"
[0m16:21:56.122335 [debug] [Thread-1 (]: Using postgres connection "model.orderwave.stg_orders"
[0m16:21:56.125941 [debug] [Thread-1 (]: On model.orderwave.stg_orders: /* {"app": "dbt", "dbt_version": "1.7.0", "profile_name": "orderwave", "target_name": "dev", "node_id": "model.orderwave.stg_orders"} */
drop view if exists "orderwave_db"."marts_staging"."stg_orders__dbt_backup" cascade
[0m16:21:56.130583 [debug] [Thread-1 (]: SQL status: DROP VIEW in 0.0 seconds
[0m16:21:56.136114 [debug] [Thread-1 (]: Timing info for model.orderwave.stg_orders (execute): 16:21:55.999727 => 16:21:56.135449
[0m16:21:56.137841 [debug] [Thread-1 (]: On model.orderwave.stg_orders: Close
[0m16:21:56.140083 [debug] [Thread-1 (]: Sending event: {'category': 'dbt', 'action': 'run_model', 'label': 'd4ceb69e-d4f4-41b3-8f16-e04391aabaec', 'context': [<snowplow_tracker.self_describing_json.SelfDescribingJson object at 0x000001B72FFF3450>]}
[0m16:21:56.142447 [info ] [Thread-1 (]: 2 of 7 OK created sql view model marts_staging.stg_orders ...................... [[32mCREATE VIEW[0m in 0.15s]
[0m16:21:56.145747 [debug] [Thread-1 (]: Finished running node model.orderwave.stg_orders
[0m16:21:56.147475 [debug] [Thread-1 (]: Began running node model.orderwave.stg_products
[0m16:21:56.149730 [info ] [Thread-1 (]: 3 of 7 START sql view model marts_staging.stg_products ......................... [RUN]
[0m16:21:56.154779 [debug] [Thread-1 (]: Re-using an available connection from the pool (formerly model.orderwave.stg_orders, now model.orderwave.stg_products)
[0m16:21:56.155813 [debug] [Thread-1 (]: Began compiling node model.orderwave.stg_products
[0m16:21:56.161948 [debug] [Thread-1 (]: Writing injected SQL for node "model.orderwave.stg_products"
[0m16:21:56.166487 [debug] [Thread-1 (]: Timing info for model.orderwave.stg_products (compile): 16:21:56.157902 => 16:21:56.165498
[0m16:21:56.168549 [debug] [Thread-1 (]: Began executing node model.orderwave.stg_products
[0m16:21:56.195518 [debug] [Thread-1 (]: Writing runtime sql for node "model.orderwave.stg_products"
[0m16:21:56.203674 [debug] [Thread-1 (]: Using postgres connection "model.orderwave.stg_products"
[0m16:21:56.206043 [debug] [Thread-1 (]: On model.orderwave.stg_products: BEGIN
[0m16:21:56.206043 [debug] [Thread-1 (]: Opening a new connection, currently in state closed
[0m16:21:56.275140 [debug] [Thread-1 (]: SQL status: BEGIN in 0.0 seconds
[0m16:21:56.277964 [debug] [Thread-1 (]: Using postgres connection "model.orderwave.stg_products"
[0m16:21:56.280239 [debug] [Thread-1 (]: On model.orderwave.stg_products: /* {"app": "dbt", "dbt_version": "1.7.0", "profile_name": "orderwave", "target_name": "dev", "node_id": "model.orderwave.stg_products"} */

  create view "orderwave_db"."marts_staging"."stg_products__dbt_tmp"
    
    
  as (
    SELECT
    product_id,
    product_name,
    category,
    sub_category,
    brand,
    unit_price,
    cost_price,
    ingested_at
FROM raw.products
WHERE product_id IS NOT NULL
  );
[0m16:21:56.290615 [debug] [Thread-1 (]: SQL status: CREATE VIEW in 0.0 seconds
[0m16:21:56.305825 [debug] [Thread-1 (]: Using postgres connection "model.orderwave.stg_products"
[0m16:21:56.305825 [debug] [Thread-1 (]: On model.orderwave.stg_products: /* {"app": "dbt", "dbt_version": "1.7.0", "profile_name": "orderwave", "target_name": "dev", "node_id": "model.orderwave.stg_products"} */
alter table "orderwave_db"."marts_staging"."stg_products__dbt_tmp" rename to "stg_products"
[0m16:21:56.319380 [debug] [Thread-1 (]: SQL status: ALTER TABLE in 0.0 seconds
[0m16:21:56.327318 [debug] [Thread-1 (]: On model.orderwave.stg_products: COMMIT
[0m16:21:56.330127 [debug] [Thread-1 (]: Using postgres connection "model.orderwave.stg_products"
[0m16:21:56.334737 [debug] [Thread-1 (]: On model.orderwave.stg_products: COMMIT
[0m16:21:56.344798 [debug] [Thread-1 (]: SQL status: COMMIT in 0.0 seconds
[0m16:21:56.359012 [debug] [Thread-1 (]: Applying DROP to: "orderwave_db"."marts_staging"."stg_products__dbt_backup"
[0m16:21:56.365888 [debug] [Thread-1 (]: Using postgres connection "model.orderwave.stg_products"
[0m16:21:56.371921 [debug] [Thread-1 (]: On model.orderwave.stg_products: /* {"app": "dbt", "dbt_version": "1.7.0", "profile_name": "orderwave", "target_name": "dev", "node_id": "model.orderwave.stg_products"} */
drop view if exists "orderwave_db"."marts_staging"."stg_products__dbt_backup" cascade
[0m16:21:56.381167 [debug] [Thread-1 (]: SQL status: DROP VIEW in 0.0 seconds
[0m16:21:56.391610 [debug] [Thread-1 (]: Timing info for model.orderwave.stg_products (execute): 16:21:56.168549 => 16:21:56.391610
[0m16:21:56.395647 [debug] [Thread-1 (]: On model.orderwave.stg_products: Close
[0m16:21:56.403613 [debug] [Thread-1 (]: Sending event: {'category': 'dbt', 'action': 'run_model', 'label': 'd4ceb69e-d4f4-41b3-8f16-e04391aabaec', 'context': [<snowplow_tracker.self_describing_json.SelfDescribingJson object at 0x000001B73001E1D0>]}
[0m16:21:56.409754 [info ] [Thread-1 (]: 3 of 7 OK created sql view model marts_staging.stg_products .................... [[32mCREATE VIEW[0m in 0.25s]
[0m16:21:56.414919 [debug] [Thread-1 (]: Finished running node model.orderwave.stg_products
[0m16:21:56.419377 [debug] [Thread-1 (]: Began running node model.orderwave.dim_customers
[0m16:21:56.423080 [info ] [Thread-1 (]: 4 of 7 START sql table model marts_marts.dim_customers ......................... [RUN]
[0m16:21:56.431438 [debug] [Thread-1 (]: Re-using an available connection from the pool (formerly model.orderwave.stg_products, now model.orderwave.dim_customers)
[0m16:21:56.435928 [debug] [Thread-1 (]: Began compiling node model.orderwave.dim_customers
[0m16:21:56.445785 [debug] [Thread-1 (]: Writing injected SQL for node "model.orderwave.dim_customers"
[0m16:21:56.457784 [debug] [Thread-1 (]: Timing info for model.orderwave.dim_customers (compile): 16:21:56.435928 => 16:21:56.455715
[0m16:21:56.462136 [debug] [Thread-1 (]: Began executing node model.orderwave.dim_customers
[0m16:21:56.581235 [debug] [Thread-1 (]: Writing runtime sql for node "model.orderwave.dim_customers"
[0m16:21:56.591524 [debug] [Thread-1 (]: Using postgres connection "model.orderwave.dim_customers"
[0m16:21:56.596381 [debug] [Thread-1 (]: On model.orderwave.dim_customers: BEGIN
[0m16:21:56.596381 [debug] [Thread-1 (]: Opening a new connection, currently in state closed
[0m16:21:56.664303 [debug] [Thread-1 (]: SQL status: BEGIN in 0.0 seconds
[0m16:21:56.666857 [debug] [Thread-1 (]: Using postgres connection "model.orderwave.dim_customers"
[0m16:21:56.669380 [debug] [Thread-1 (]: On model.orderwave.dim_customers: /* {"app": "dbt", "dbt_version": "1.7.0", "profile_name": "orderwave", "target_name": "dev", "node_id": "model.orderwave.dim_customers"} */

  
    

  create  table "orderwave_db"."marts_marts"."dim_customers__dbt_tmp"
  
  
    as
  
  (
    SELECT DISTINCT
    customer_id,
    customer_name,
    customer_email,
    city,
    state
FROM "orderwave_db"."marts_staging"."stg_orders"
  );
  
[0m16:21:56.688028 [debug] [Thread-1 (]: SQL status: SELECT 27 in 0.0 seconds
[0m16:21:56.706441 [debug] [Thread-1 (]: Using postgres connection "model.orderwave.dim_customers"
[0m16:21:56.714910 [debug] [Thread-1 (]: On model.orderwave.dim_customers: /* {"app": "dbt", "dbt_version": "1.7.0", "profile_name": "orderwave", "target_name": "dev", "node_id": "model.orderwave.dim_customers"} */
alter table "orderwave_db"."marts_marts"."dim_customers__dbt_tmp" rename to "dim_customers"
[0m16:21:56.721826 [debug] [Thread-1 (]: SQL status: ALTER TABLE in 0.0 seconds
[0m16:21:56.761674 [debug] [Thread-1 (]: On model.orderwave.dim_customers: COMMIT
[0m16:21:56.765624 [debug] [Thread-1 (]: Using postgres connection "model.orderwave.dim_customers"
[0m16:21:56.774509 [debug] [Thread-1 (]: On model.orderwave.dim_customers: COMMIT
[0m16:21:56.788884 [debug] [Thread-1 (]: SQL status: COMMIT in 0.0 seconds
[0m16:21:56.809807 [debug] [Thread-1 (]: Applying DROP to: "orderwave_db"."marts_marts"."dim_customers__dbt_backup"
[0m16:21:56.882786 [debug] [Thread-1 (]: Using postgres connection "model.orderwave.dim_customers"
[0m16:21:56.892425 [debug] [Thread-1 (]: On model.orderwave.dim_customers: /* {"app": "dbt", "dbt_version": "1.7.0", "profile_name": "orderwave", "target_name": "dev", "node_id": "model.orderwave.dim_customers"} */
drop table if exists "orderwave_db"."marts_marts"."dim_customers__dbt_backup" cascade
[0m16:21:57.169857 [debug] [Thread-1 (]: SQL status: DROP TABLE in 0.0 seconds
[0m16:21:57.341346 [debug] [Thread-1 (]: Timing info for model.orderwave.dim_customers (execute): 16:21:56.465413 => 16:21:57.332833
[0m16:21:57.347524 [debug] [Thread-1 (]: On model.orderwave.dim_customers: Close
[0m16:21:57.357500 [debug] [Thread-1 (]: Sending event: {'category': 'dbt', 'action': 'run_model', 'label': 'd4ceb69e-d4f4-41b3-8f16-e04391aabaec', 'context': [<snowplow_tracker.self_describing_json.SelfDescribingJson object at 0x000001B7301BED50>]}
[0m16:21:57.359017 [info ] [Thread-1 (]: 4 of 7 OK created sql table model marts_marts.dim_customers .................... [[32mSELECT 27[0m in 0.93s]
[0m16:21:57.365483 [debug] [Thread-1 (]: Finished running node model.orderwave.dim_customers
[0m16:21:57.369915 [debug] [Thread-1 (]: Began running node model.orderwave.dim_dates
[0m16:21:57.371774 [info ] [Thread-1 (]: 5 of 7 START sql table model marts_marts.dim_dates ............................. [RUN]
[0m16:21:57.385681 [debug] [Thread-1 (]: Re-using an available connection from the pool (formerly model.orderwave.dim_customers, now model.orderwave.dim_dates)
[0m16:21:57.387770 [debug] [Thread-1 (]: Began compiling node model.orderwave.dim_dates
[0m16:21:57.408928 [debug] [Thread-1 (]: Writing injected SQL for node "model.orderwave.dim_dates"
[0m16:21:57.417669 [debug] [Thread-1 (]: Timing info for model.orderwave.dim_dates (compile): 16:21:57.391068 => 16:21:57.417669
[0m16:21:57.425684 [debug] [Thread-1 (]: Began executing node model.orderwave.dim_dates
[0m16:21:57.435561 [debug] [Thread-1 (]: Writing runtime sql for node "model.orderwave.dim_dates"
[0m16:21:57.449863 [debug] [Thread-1 (]: Using postgres connection "model.orderwave.dim_dates"
[0m16:21:57.455425 [debug] [Thread-1 (]: On model.orderwave.dim_dates: BEGIN
[0m16:21:57.458690 [debug] [Thread-1 (]: Opening a new connection, currently in state closed
[0m16:21:57.538823 [debug] [Thread-1 (]: SQL status: BEGIN in 0.0 seconds
[0m16:21:57.538823 [debug] [Thread-1 (]: Using postgres connection "model.orderwave.dim_dates"
[0m16:21:57.558767 [debug] [Thread-1 (]: On model.orderwave.dim_dates: /* {"app": "dbt", "dbt_version": "1.7.0", "profile_name": "orderwave", "target_name": "dev", "node_id": "model.orderwave.dim_dates"} */

  
    

  create  table "orderwave_db"."marts_marts"."dim_dates__dbt_tmp"
  
  
    as
  
  (
    SELECT DISTINCT
    order_date AS date_day,
    EXTRACT(YEAR FROM order_date)::int AS year,
    EXTRACT(MONTH FROM order_date)::int AS month,
    EXTRACT(DAY FROM order_date)::int AS day,
    TO_CHAR(order_date, 'Month') AS month_name,
    EXTRACT(DOW FROM order_date)::int AS day_of_week,
    TO_CHAR(order_date, 'Day') AS day_name
FROM "orderwave_db"."marts_staging"."stg_orders"
  );
  
[0m16:21:57.593104 [debug] [Thread-1 (]: SQL status: SELECT 30 in 0.0 seconds
[0m16:21:57.608214 [debug] [Thread-1 (]: Using postgres connection "model.orderwave.dim_dates"
[0m16:21:57.610235 [debug] [Thread-1 (]: On model.orderwave.dim_dates: /* {"app": "dbt", "dbt_version": "1.7.0", "profile_name": "orderwave", "target_name": "dev", "node_id": "model.orderwave.dim_dates"} */
alter table "orderwave_db"."marts_marts"."dim_dates__dbt_tmp" rename to "dim_dates"
[0m16:21:57.615578 [debug] [Thread-1 (]: SQL status: ALTER TABLE in 0.0 seconds
[0m16:21:57.622827 [debug] [Thread-1 (]: On model.orderwave.dim_dates: COMMIT
[0m16:21:57.625869 [debug] [Thread-1 (]: Using postgres connection "model.orderwave.dim_dates"
[0m16:21:57.625869 [debug] [Thread-1 (]: On model.orderwave.dim_dates: COMMIT
[0m16:21:57.638344 [debug] [Thread-1 (]: SQL status: COMMIT in 0.0 seconds
[0m16:21:57.657268 [debug] [Thread-1 (]: Applying DROP to: "orderwave_db"."marts_marts"."dim_dates__dbt_backup"
[0m16:21:57.664559 [debug] [Thread-1 (]: Using postgres connection "model.orderwave.dim_dates"
[0m16:21:57.666495 [debug] [Thread-1 (]: On model.orderwave.dim_dates: /* {"app": "dbt", "dbt_version": "1.7.0", "profile_name": "orderwave", "target_name": "dev", "node_id": "model.orderwave.dim_dates"} */
drop table if exists "orderwave_db"."marts_marts"."dim_dates__dbt_backup" cascade
[0m16:21:57.675607 [debug] [Thread-1 (]: SQL status: DROP TABLE in 0.0 seconds
[0m16:21:57.685681 [debug] [Thread-1 (]: Timing info for model.orderwave.dim_dates (execute): 16:21:57.425684 => 16:21:57.685681
[0m16:21:57.685681 [debug] [Thread-1 (]: On model.orderwave.dim_dates: Close
[0m16:21:57.685681 [debug] [Thread-1 (]: Sending event: {'category': 'dbt', 'action': 'run_model', 'label': 'd4ceb69e-d4f4-41b3-8f16-e04391aabaec', 'context': [<snowplow_tracker.self_describing_json.SelfDescribingJson object at 0x000001B73028EA50>]}
[0m16:21:57.695901 [info ] [Thread-1 (]: 5 of 7 OK created sql table model marts_marts.dim_dates ........................ [[32mSELECT 30[0m in 0.30s]
[0m16:21:57.702814 [debug] [Thread-1 (]: Finished running node model.orderwave.dim_dates
[0m16:21:57.706891 [debug] [Thread-1 (]: Began running node model.orderwave.dim_products
[0m16:21:57.755832 [info ] [Thread-1 (]: 6 of 7 START sql table model marts_marts.dim_products .......................... [RUN]
[0m16:21:57.771321 [debug] [Thread-1 (]: Re-using an available connection from the pool (formerly model.orderwave.dim_dates, now model.orderwave.dim_products)
[0m16:21:57.780681 [debug] [Thread-1 (]: Began compiling node model.orderwave.dim_products
[0m16:21:57.814598 [debug] [Thread-1 (]: Writing injected SQL for node "model.orderwave.dim_products"
[0m16:21:57.828876 [debug] [Thread-1 (]: Timing info for model.orderwave.dim_products (compile): 16:21:57.796850 => 16:21:57.827156
[0m16:21:57.832317 [debug] [Thread-1 (]: Began executing node model.orderwave.dim_products
[0m16:21:57.862387 [debug] [Thread-1 (]: Writing runtime sql for node "model.orderwave.dim_products"
[0m16:21:57.875447 [debug] [Thread-1 (]: Using postgres connection "model.orderwave.dim_products"
[0m16:21:57.875447 [debug] [Thread-1 (]: On model.orderwave.dim_products: BEGIN
[0m16:21:57.875447 [debug] [Thread-1 (]: Opening a new connection, currently in state closed
[0m16:21:57.938308 [debug] [Thread-1 (]: SQL status: BEGIN in 0.0 seconds
[0m16:21:57.938308 [debug] [Thread-1 (]: Using postgres connection "model.orderwave.dim_products"
[0m16:21:57.938308 [debug] [Thread-1 (]: On model.orderwave.dim_products: /* {"app": "dbt", "dbt_version": "1.7.0", "profile_name": "orderwave", "target_name": "dev", "node_id": "model.orderwave.dim_products"} */

  
    

  create  table "orderwave_db"."marts_marts"."dim_products__dbt_tmp"
  
  
    as
  
  (
    SELECT
    product_id,
    product_name,
    category,
    sub_category,
    brand,
    unit_price,
    cost_price
FROM "orderwave_db"."marts_staging"."stg_products"
  );
  
[0m16:21:57.958971 [debug] [Thread-1 (]: SQL status: SELECT 50 in 0.0 seconds
[0m16:21:57.978984 [debug] [Thread-1 (]: Using postgres connection "model.orderwave.dim_products"
[0m16:21:57.979999 [debug] [Thread-1 (]: On model.orderwave.dim_products: /* {"app": "dbt", "dbt_version": "1.7.0", "profile_name": "orderwave", "target_name": "dev", "node_id": "model.orderwave.dim_products"} */
alter table "orderwave_db"."marts_marts"."dim_products__dbt_tmp" rename to "dim_products"
[0m16:21:57.988895 [debug] [Thread-1 (]: SQL status: ALTER TABLE in 0.0 seconds
[0m16:21:58.001227 [debug] [Thread-1 (]: On model.orderwave.dim_products: COMMIT
[0m16:21:58.003533 [debug] [Thread-1 (]: Using postgres connection "model.orderwave.dim_products"
[0m16:21:58.008536 [debug] [Thread-1 (]: On model.orderwave.dim_products: COMMIT
[0m16:21:58.019758 [debug] [Thread-1 (]: SQL status: COMMIT in 0.0 seconds
[0m16:21:58.034760 [debug] [Thread-1 (]: Applying DROP to: "orderwave_db"."marts_marts"."dim_products__dbt_backup"
[0m16:21:58.047501 [debug] [Thread-1 (]: Using postgres connection "model.orderwave.dim_products"
[0m16:21:58.051578 [debug] [Thread-1 (]: On model.orderwave.dim_products: /* {"app": "dbt", "dbt_version": "1.7.0", "profile_name": "orderwave", "target_name": "dev", "node_id": "model.orderwave.dim_products"} */
drop table if exists "orderwave_db"."marts_marts"."dim_products__dbt_backup" cascade
[0m16:21:58.057345 [debug] [Thread-1 (]: SQL status: DROP TABLE in 0.0 seconds
[0m16:21:58.071274 [debug] [Thread-1 (]: Timing info for model.orderwave.dim_products (execute): 16:21:57.838611 => 16:21:58.068891
[0m16:21:58.076534 [debug] [Thread-1 (]: On model.orderwave.dim_products: Close
[0m16:21:58.088816 [debug] [Thread-1 (]: Sending event: {'category': 'dbt', 'action': 'run_model', 'label': 'd4ceb69e-d4f4-41b3-8f16-e04391aabaec', 'context': [<snowplow_tracker.self_describing_json.SelfDescribingJson object at 0x000001B7301BF790>]}
[0m16:21:58.091599 [info ] [Thread-1 (]: 6 of 7 OK created sql table model marts_marts.dim_products ..................... [[32mSELECT 50[0m in 0.31s]
[0m16:21:58.101601 [debug] [Thread-1 (]: Finished running node model.orderwave.dim_products
[0m16:21:58.166442 [debug] [Thread-1 (]: Began running node model.orderwave.fact_orders
[0m16:21:58.171309 [info ] [Thread-1 (]: 7 of 7 START sql table model marts_marts.fact_orders ........................... [RUN]
[0m16:21:58.179003 [debug] [Thread-1 (]: Re-using an available connection from the pool (formerly model.orderwave.dim_products, now model.orderwave.fact_orders)
[0m16:21:58.191527 [debug] [Thread-1 (]: Began compiling node model.orderwave.fact_orders
[0m16:21:58.215499 [debug] [Thread-1 (]: Writing injected SQL for node "model.orderwave.fact_orders"
[0m16:21:58.229805 [debug] [Thread-1 (]: Timing info for model.orderwave.fact_orders (compile): 16:21:58.196515 => 16:21:58.227795
[0m16:21:58.232459 [debug] [Thread-1 (]: Began executing node model.orderwave.fact_orders
[0m16:21:58.268126 [debug] [Thread-1 (]: Writing runtime sql for node "model.orderwave.fact_orders"
[0m16:21:58.278282 [debug] [Thread-1 (]: Using postgres connection "model.orderwave.fact_orders"
[0m16:21:58.280906 [debug] [Thread-1 (]: On model.orderwave.fact_orders: BEGIN
[0m16:21:58.283993 [debug] [Thread-1 (]: Opening a new connection, currently in state closed
[0m16:21:58.347923 [debug] [Thread-1 (]: SQL status: BEGIN in 0.0 seconds
[0m16:21:58.351738 [debug] [Thread-1 (]: Using postgres connection "model.orderwave.fact_orders"
[0m16:21:58.361515 [debug] [Thread-1 (]: On model.orderwave.fact_orders: /* {"app": "dbt", "dbt_version": "1.7.0", "profile_name": "orderwave", "target_name": "dev", "node_id": "model.orderwave.fact_orders"} */

  
    

  create  table "orderwave_db"."marts_marts"."fact_orders__dbt_tmp"
  
  
    as
  
  (
    SELECT
    o.order_id,
    o.customer_id,
    o.product_id,
    o.order_date,
    o.quantity,
    o.unit_price,
    o.total_amount,
    o.order_status,
    o.city,
    o.state,
    p.category,
    p.brand,
    p.cost_price,
    (o.unit_price - p.cost_price) * o.quantity AS gross_profit
FROM "orderwave_db"."marts_staging"."stg_orders" o
LEFT JOIN "orderwave_db"."marts_staging"."stg_products" p ON o.product_id = p.product_id
  );
  
[0m16:21:58.400705 [debug] [Thread-1 (]: SQL status: SELECT 750 in 0.0 seconds
[0m16:21:58.409356 [debug] [Thread-1 (]: Using postgres connection "model.orderwave.fact_orders"
[0m16:21:58.409356 [debug] [Thread-1 (]: On model.orderwave.fact_orders: /* {"app": "dbt", "dbt_version": "1.7.0", "profile_name": "orderwave", "target_name": "dev", "node_id": "model.orderwave.fact_orders"} */
alter table "orderwave_db"."marts_marts"."fact_orders__dbt_tmp" rename to "fact_orders"
[0m16:21:58.418845 [debug] [Thread-1 (]: SQL status: ALTER TABLE in 0.0 seconds
[0m16:21:58.425232 [debug] [Thread-1 (]: On model.orderwave.fact_orders: COMMIT
[0m16:21:58.427465 [debug] [Thread-1 (]: Using postgres connection "model.orderwave.fact_orders"
[0m16:21:58.429184 [debug] [Thread-1 (]: On model.orderwave.fact_orders: COMMIT
[0m16:21:58.435935 [debug] [Thread-1 (]: SQL status: COMMIT in 0.0 seconds
[0m16:21:58.444005 [debug] [Thread-1 (]: Applying DROP to: "orderwave_db"."marts_marts"."fact_orders__dbt_backup"
[0m16:21:58.445722 [debug] [Thread-1 (]: Using postgres connection "model.orderwave.fact_orders"
[0m16:21:58.449335 [debug] [Thread-1 (]: On model.orderwave.fact_orders: /* {"app": "dbt", "dbt_version": "1.7.0", "profile_name": "orderwave", "target_name": "dev", "node_id": "model.orderwave.fact_orders"} */
drop table if exists "orderwave_db"."marts_marts"."fact_orders__dbt_backup" cascade
[0m16:21:58.455268 [debug] [Thread-1 (]: SQL status: DROP TABLE in 0.0 seconds
[0m16:21:58.460891 [debug] [Thread-1 (]: Timing info for model.orderwave.fact_orders (execute): 16:21:58.240797 => 16:21:58.460312
[0m16:21:58.462630 [debug] [Thread-1 (]: On model.orderwave.fact_orders: Close
[0m16:21:58.464886 [debug] [Thread-1 (]: Sending event: {'category': 'dbt', 'action': 'run_model', 'label': 'd4ceb69e-d4f4-41b3-8f16-e04391aabaec', 'context': [<snowplow_tracker.self_describing_json.SelfDescribingJson object at 0x000001B73028D650>]}
[0m16:21:58.467374 [info ] [Thread-1 (]: 7 of 7 OK created sql table model marts_marts.fact_orders ...................... [[32mSELECT 750[0m in 0.29s]
[0m16:21:58.473938 [debug] [Thread-1 (]: Finished running node model.orderwave.fact_orders
[0m16:21:58.480137 [debug] [MainThread]: Using postgres connection "master"
[0m16:21:58.482520 [debug] [MainThread]: On master: BEGIN
[0m16:21:58.487013 [debug] [MainThread]: Opening a new connection, currently in state closed
[0m16:21:58.530318 [debug] [MainThread]: SQL status: BEGIN in 0.0 seconds
[0m16:21:58.532647 [debug] [MainThread]: On master: COMMIT
[0m16:21:58.535486 [debug] [MainThread]: Using postgres connection "master"
[0m16:21:58.538727 [debug] [MainThread]: On master: COMMIT
[0m16:21:58.543883 [debug] [MainThread]: SQL status: COMMIT in 0.0 seconds
[0m16:21:58.546091 [debug] [MainThread]: On master: Close
[0m16:21:58.549534 [debug] [MainThread]: Connection 'master' was properly closed.
[0m16:21:58.555663 [debug] [MainThread]: Connection 'create_orderwave_db_marts_marts' was properly closed.
[0m16:21:58.555663 [debug] [MainThread]: Connection 'list_orderwave_db_marts_marts' was properly closed.
[0m16:21:58.555663 [debug] [MainThread]: Connection 'model.orderwave.fact_orders' was properly closed.
[0m16:21:58.560344 [info ] [MainThread]: 
[0m16:21:58.560344 [info ] [MainThread]: Finished running 3 view models, 4 table models in 0 hours 0 minutes and 3.91 seconds (3.91s).
[0m16:21:58.573560 [debug] [MainThread]: Command end result
[0m16:21:58.607860 [info ] [MainThread]: 
[0m16:21:58.607860 [info ] [MainThread]: [32mCompleted successfully[0m
[0m16:21:58.607860 [info ] [MainThread]: 
[0m16:21:58.607860 [info ] [MainThread]: Done. PASS=7 WARN=0 ERROR=0 SKIP=0 TOTAL=7
[0m16:21:58.616896 [debug] [MainThread]: Command `dbt run` succeeded at 16:21:58.616896 after 10.93 seconds
[0m16:21:58.621908 [debug] [MainThread]: Sending event: {'category': 'dbt', 'action': 'invocation', 'label': 'end', 'context': [<snowplow_tracker.self_describing_json.SelfDescribingJson object at 0x000001B72E644710>, <snowplow_tracker.self_describing_json.SelfDescribingJson object at 0x000001B72E705050>, <snowplow_tracker.self_describing_json.SelfDescribingJson object at 0x000001B72E915190>]}
[0m16:21:58.623676 [debug] [MainThread]: Flushing usage events
[0m16:24:31.387675 [debug] [MainThread]: Sending event: {'category': 'dbt', 'action': 'invocation', 'label': 'start', 'context': [<snowplow_tracker.self_describing_json.SelfDescribingJson object at 0x0000017C2E9CC150>, <snowplow_tracker.self_describing_json.SelfDescribingJson object at 0x0000017C2E057310>, <snowplow_tracker.self_describing_json.SelfDescribingJson object at 0x0000017C2E9E51D0>]}


============================== 16:24:31.402245 | 70c476b8-5b1b-4186-82e5-d949746ecb00 ==============================
[0m16:24:31.402245 [info ] [MainThread]: Running with dbt=1.7.0
[0m16:24:31.405752 [debug] [MainThread]: running dbt with arguments {'use_colors': 'True', 'use_experimental_parser': 'False', 'profiles_dir': 'C:\\Users\\nagzz\\.dbt', 'printer_width': '80', 'introspect': 'True', 'log_format': 'default', 'partial_parse': 'True', 'warn_error_options': 'WarnErrorOptions(include=[], exclude=[])', 'log_cache_events': 'False', 'quiet': 'False', 'warn_error': 'None', 'target_path': 'None', 'debug': 'False', 'static_parser': 'True', 'indirect_selection': 'eager', 'no_print': 'None', 'send_anonymous_usage_stats': 'True', 'version_check': 'True', 'invocation_command': 'dbt test', 'cache_selected_only': 'False', 'log_path': 'E:\\OrderWave\\dbt_project\\logs', 'write_json': 'True', 'fail_fast': 'False'}
[0m16:24:32.012546 [debug] [MainThread]: Sending event: {'category': 'dbt', 'action': 'project_id', 'label': '70c476b8-5b1b-4186-82e5-d949746ecb00', 'context': [<snowplow_tracker.self_describing_json.SelfDescribingJson object at 0x0000017C2E9FA010>]}
[0m16:24:32.343273 [debug] [MainThread]: Sending event: {'category': 'dbt', 'action': 'adapter_info', 'label': '70c476b8-5b1b-4186-82e5-d949746ecb00', 'context': [<snowplow_tracker.self_describing_json.SelfDescribingJson object at 0x0000017C2EA6FE10>]}
[0m16:24:32.349161 [info ] [MainThread]: Registered adapter: postgres=1.7.0
[0m16:24:32.371359 [debug] [MainThread]: checksum: 8434eacd4ffdf0ca3ab22bf0e2d55b45306c9599613e842b959405abc489e606, vars: {}, profile: , target: , version: 1.7.0
[0m16:24:32.535649 [debug] [MainThread]: Partial parsing enabled: 0 files deleted, 0 files added, 0 files changed.
[0m16:24:32.535649 [debug] [MainThread]: Partial parsing enabled, no changes found, skipping parsing
[0m16:24:32.553201 [debug] [MainThread]: Sending event: {'category': 'dbt', 'action': 'load_project', 'label': '70c476b8-5b1b-4186-82e5-d949746ecb00', 'context': [<snowplow_tracker.self_describing_json.SelfDescribingJson object at 0x0000017C303C5E10>]}
[0m16:24:32.585567 [debug] [MainThread]: Sending event: {'category': 'dbt', 'action': 'resource_counts', 'label': '70c476b8-5b1b-4186-82e5-d949746ecb00', 'context': [<snowplow_tracker.self_describing_json.SelfDescribingJson object at 0x0000017C2E9FA2D0>]}
[0m16:24:32.587679 [info ] [MainThread]: Found 7 models, 0 sources, 0 exposures, 0 metrics, 401 macros, 0 groups, 0 semantic models
[0m16:24:32.591096 [debug] [MainThread]: Sending event: {'category': 'dbt', 'action': 'runnable_timing', 'label': '70c476b8-5b1b-4186-82e5-d949746ecb00', 'context': [<snowplow_tracker.self_describing_json.SelfDescribingJson object at 0x0000017C301AD750>]}
[0m16:24:32.595814 [info ] [MainThread]: 
[0m16:24:32.599078 [warn ] [MainThread]: Nothing to do. Try checking your model configs and model specification args
[0m16:24:32.600590 [debug] [MainThread]: Command end result
[0m16:24:32.631078 [debug] [MainThread]: Command `dbt test` succeeded at 16:24:32.631078 after 1.40 seconds
[0m16:24:32.634442 [debug] [MainThread]: Sending event: {'category': 'dbt', 'action': 'invocation', 'label': 'end', 'context': [<snowplow_tracker.self_describing_json.SelfDescribingJson object at 0x0000017C2FF7C710>, <snowplow_tracker.self_describing_json.SelfDescribingJson object at 0x0000017C2E04FCD0>, <snowplow_tracker.self_describing_json.SelfDescribingJson object at 0x0000017C2ED65DD0>]}
[0m16:24:32.635716 [debug] [MainThread]: Flushing usage events
[0m16:28:23.571060 [debug] [MainThread]: Sending event: {'category': 'dbt', 'action': 'invocation', 'label': 'start', 'context': [<snowplow_tracker.self_describing_json.SelfDescribingJson object at 0x000001EB9483CD90>, <snowplow_tracker.self_describing_json.SelfDescribingJson object at 0x000001EB933F4B50>, <snowplow_tracker.self_describing_json.SelfDescribingJson object at 0x000001EB94680E10>]}


============================== 16:28:23.580673 | dfe2658a-086f-4085-9ead-c8fe2fae8481 ==============================
[0m16:28:23.580673 [info ] [MainThread]: Running with dbt=1.7.0
[0m16:28:23.584711 [debug] [MainThread]: running dbt with arguments {'use_colors': 'True', 'use_experimental_parser': 'False', 'profiles_dir': 'C:\\Users\\nagzz\\.dbt', 'printer_width': '80', 'partial_parse': 'True', 'log_format': 'default', 'introspect': 'True', 'warn_error_options': 'WarnErrorOptions(include=[], exclude=[])', 'log_cache_events': 'False', 'warn_error': 'None', 'quiet': 'False', 'target_path': 'None', 'debug': 'False', 'no_print': 'None', 'static_parser': 'True', 'indirect_selection': 'eager', 'send_anonymous_usage_stats': 'True', 'version_check': 'True', 'invocation_command': 'dbt test', 'cache_selected_only': 'False', 'log_path': 'E:\\OrderWave\\dbt_project\\logs', 'write_json': 'True', 'fail_fast': 'False'}
[0m16:28:24.038815 [debug] [MainThread]: Sending event: {'category': 'dbt', 'action': 'project_id', 'label': 'dfe2658a-086f-4085-9ead-c8fe2fae8481', 'context': [<snowplow_tracker.self_describing_json.SelfDescribingJson object at 0x000001EB949F2FD0>]}
[0m16:28:24.330538 [debug] [MainThread]: Sending event: {'category': 'dbt', 'action': 'adapter_info', 'label': 'dfe2658a-086f-4085-9ead-c8fe2fae8481', 'context': [<snowplow_tracker.self_describing_json.SelfDescribingJson object at 0x000001EB93536C90>]}
[0m16:28:24.330538 [info ] [MainThread]: Registered adapter: postgres=1.7.0
[0m16:28:24.351159 [debug] [MainThread]: checksum: 8434eacd4ffdf0ca3ab22bf0e2d55b45306c9599613e842b959405abc489e606, vars: {}, profile: , target: , version: 1.7.0
[0m16:28:24.515746 [debug] [MainThread]: Partial parsing enabled: 0 files deleted, 2 files added, 0 files changed.
[0m16:28:24.522264 [debug] [MainThread]: Partial parsing: added file: orderwave://models\data_quality_tests.yml
[0m16:28:24.522779 [debug] [MainThread]: Partial parsing: added file: orderwave://models\staging\schema.yml
[0m16:28:24.939903 [error] [MainThread]: Encountered an error:
Compilation Error
  dbt found two schema.yml entries for the same resource named stg_orders. Resources and their associated columns may only be described a single time. To fix this, remove the resource entry for stg_orders in one of these files:
   - models\staging\schema.yml
  models\data_quality_tests.yml
[0m16:28:24.943936 [debug] [MainThread]: Command `dbt test` failed at 16:28:24.943936 after 1.53 seconds
[0m16:28:24.945986 [debug] [MainThread]: Sending event: {'category': 'dbt', 'action': 'invocation', 'label': 'end', 'context': [<snowplow_tracker.self_describing_json.SelfDescribingJson object at 0x000001EB93215A90>, <snowplow_tracker.self_describing_json.SelfDescribingJson object at 0x000001EB93214A90>, <snowplow_tracker.self_describing_json.SelfDescribingJson object at 0x000001EB9256BD90>]}
[0m16:28:24.951571 [debug] [MainThread]: Flushing usage events
[0m16:30:33.123819 [debug] [MainThread]: Sending event: {'category': 'dbt', 'action': 'invocation', 'label': 'start', 'context': [<snowplow_tracker.self_describing_json.SelfDescribingJson object at 0x00000257B2ECDE50>, <snowplow_tracker.self_describing_json.SelfDescribingJson object at 0x00000257B1272650>, <snowplow_tracker.self_describing_json.SelfDescribingJson object at 0x00000257B1272510>]}


============================== 16:30:33.135779 | be66923b-6ad5-41aa-9ed5-845ce63c2ed3 ==============================
[0m16:30:33.135779 [info ] [MainThread]: Running with dbt=1.7.0
[0m16:30:33.138525 [debug] [MainThread]: running dbt with arguments {'use_colors': 'True', 'use_experimental_parser': 'False', 'profiles_dir': 'C:\\Users\\nagzz\\.dbt', 'printer_width': '80', 'introspect': 'True', 'log_format': 'default', 'partial_parse': 'True', 'warn_error_options': 'WarnErrorOptions(include=[], exclude=[])', 'log_cache_events': 'False', 'warn_error': 'None', 'no_print': 'None', 'target_path': 'None', 'static_parser': 'True', 'debug': 'False', 'quiet': 'False', 'indirect_selection': 'eager', 'send_anonymous_usage_stats': 'True', 'version_check': 'True', 'invocation_command': 'dbt test', 'cache_selected_only': 'False', 'log_path': 'E:\\OrderWave\\dbt_project\\logs', 'write_json': 'True', 'fail_fast': 'False'}
[0m16:30:33.747324 [debug] [MainThread]: Sending event: {'category': 'dbt', 'action': 'project_id', 'label': 'be66923b-6ad5-41aa-9ed5-845ce63c2ed3', 'context': [<snowplow_tracker.self_describing_json.SelfDescribingJson object at 0x00000257B3051A10>]}
[0m16:30:34.102193 [debug] [MainThread]: Sending event: {'category': 'dbt', 'action': 'adapter_info', 'label': 'be66923b-6ad5-41aa-9ed5-845ce63c2ed3', 'context': [<snowplow_tracker.self_describing_json.SelfDescribingJson object at 0x00000257B2E4C650>]}
[0m16:30:34.109505 [info ] [MainThread]: Registered adapter: postgres=1.7.0
[0m16:30:34.138694 [debug] [MainThread]: checksum: 8434eacd4ffdf0ca3ab22bf0e2d55b45306c9599613e842b959405abc489e606, vars: {}, profile: , target: , version: 1.7.0
[0m16:30:34.335769 [debug] [MainThread]: Partial parsing enabled: 0 files deleted, 1 files added, 0 files changed.
[0m16:30:34.335769 [debug] [MainThread]: Partial parsing: added file: orderwave://models\staging\schema.yml
[0m16:30:34.837993 [debug] [MainThread]: Sending event: {'category': 'dbt', 'action': 'load_project', 'label': 'be66923b-6ad5-41aa-9ed5-845ce63c2ed3', 'context': [<snowplow_tracker.self_describing_json.SelfDescribingJson object at 0x00000257B33B65D0>]}
[0m16:30:34.875775 [debug] [MainThread]: Sending event: {'category': 'dbt', 'action': 'resource_counts', 'label': 'be66923b-6ad5-41aa-9ed5-845ce63c2ed3', 'context': [<snowplow_tracker.self_describing_json.SelfDescribingJson object at 0x00000257B3274350>]}
[0m16:30:34.877129 [info ] [MainThread]: Found 7 models, 8 tests, 0 sources, 0 exposures, 0 metrics, 401 macros, 0 groups, 0 semantic models
[0m16:30:34.880805 [debug] [MainThread]: Sending event: {'category': 'dbt', 'action': 'runnable_timing', 'label': 'be66923b-6ad5-41aa-9ed5-845ce63c2ed3', 'context': [<snowplow_tracker.self_describing_json.SelfDescribingJson object at 0x00000257B33F3010>]}
[0m16:30:34.885932 [info ] [MainThread]: 
[0m16:30:34.885932 [debug] [MainThread]: Acquiring new postgres connection 'master'
[0m16:30:34.895973 [debug] [ThreadPool]: Acquiring new postgres connection 'list_orderwave_db_marts_staging'
[0m16:30:34.935964 [debug] [ThreadPool]: Using postgres connection "list_orderwave_db_marts_staging"
[0m16:30:34.935964 [debug] [ThreadPool]: On list_orderwave_db_marts_staging: BEGIN
[0m16:30:34.945740 [debug] [ThreadPool]: Opening a new connection, currently in state init
[0m16:30:34.999730 [debug] [ThreadPool]: SQL status: BEGIN in 0.0 seconds
[0m16:30:35.002018 [debug] [ThreadPool]: Using postgres connection "list_orderwave_db_marts_staging"
[0m16:30:35.003282 [debug] [ThreadPool]: On list_orderwave_db_marts_staging: /* {"app": "dbt", "dbt_version": "1.7.0", "profile_name": "orderwave", "target_name": "dev", "connection_name": "list_orderwave_db_marts_staging"} */
select
      'orderwave_db' as database,
      tablename as name,
      schemaname as schema,
      'table' as type
    from pg_tables
    where schemaname ilike 'marts_staging'
    union all
    select
      'orderwave_db' as database,
      viewname as name,
      schemaname as schema,
      'view' as type
    from pg_views
    where schemaname ilike 'marts_staging'
    union all
    select
      'orderwave_db' as database,
      matviewname as name,
      schemaname as schema,
      'materialized_view' as type
    from pg_matviews
    where schemaname ilike 'marts_staging'
  
[0m16:30:35.013282 [debug] [ThreadPool]: SQL status: SELECT 3 in 0.0 seconds
[0m16:30:35.018094 [debug] [ThreadPool]: On list_orderwave_db_marts_staging: ROLLBACK
[0m16:30:35.022630 [debug] [ThreadPool]: On list_orderwave_db_marts_staging: Close
[0m16:30:35.028368 [debug] [ThreadPool]: Re-using an available connection from the pool (formerly list_orderwave_db_marts_staging, now list_orderwave_db_marts_marts)
[0m16:30:35.036176 [debug] [ThreadPool]: Using postgres connection "list_orderwave_db_marts_marts"
[0m16:30:35.036176 [debug] [ThreadPool]: On list_orderwave_db_marts_marts: BEGIN
[0m16:30:35.036176 [debug] [ThreadPool]: Opening a new connection, currently in state closed
[0m16:30:35.077477 [debug] [ThreadPool]: SQL status: BEGIN in 0.0 seconds
[0m16:30:35.080099 [debug] [ThreadPool]: Using postgres connection "list_orderwave_db_marts_marts"
[0m16:30:35.082452 [debug] [ThreadPool]: On list_orderwave_db_marts_marts: /* {"app": "dbt", "dbt_version": "1.7.0", "profile_name": "orderwave", "target_name": "dev", "connection_name": "list_orderwave_db_marts_marts"} */
select
      'orderwave_db' as database,
      tablename as name,
      schemaname as schema,
      'table' as type
    from pg_tables
    where schemaname ilike 'marts_marts'
    union all
    select
      'orderwave_db' as database,
      viewname as name,
      schemaname as schema,
      'view' as type
    from pg_views
    where schemaname ilike 'marts_marts'
    union all
    select
      'orderwave_db' as database,
      matviewname as name,
      schemaname as schema,
      'materialized_view' as type
    from pg_matviews
    where schemaname ilike 'marts_marts'
  
[0m16:30:35.092647 [debug] [ThreadPool]: SQL status: SELECT 4 in 0.0 seconds
[0m16:30:35.097933 [debug] [ThreadPool]: On list_orderwave_db_marts_marts: ROLLBACK
[0m16:30:35.101810 [debug] [ThreadPool]: On list_orderwave_db_marts_marts: Close
[0m16:30:35.116069 [debug] [MainThread]: Using postgres connection "master"
[0m16:30:35.118214 [debug] [MainThread]: On master: BEGIN
[0m16:30:35.120222 [debug] [MainThread]: Opening a new connection, currently in state init
[0m16:30:35.156291 [debug] [MainThread]: SQL status: BEGIN in 0.0 seconds
[0m16:30:35.158815 [debug] [MainThread]: Using postgres connection "master"
[0m16:30:35.160511 [debug] [MainThread]: On master: /* {"app": "dbt", "dbt_version": "1.7.0", "profile_name": "orderwave", "target_name": "dev", "connection_name": "master"} */
with relation as (
        select
            pg_rewrite.ev_class as class,
            pg_rewrite.oid as id
        from pg_rewrite
    ),
    class as (
        select
            oid as id,
            relname as name,
            relnamespace as schema,
            relkind as kind
        from pg_class
    ),
    dependency as (
        select distinct
            pg_depend.objid as id,
            pg_depend.refobjid as ref
        from pg_depend
    ),
    schema as (
        select
            pg_namespace.oid as id,
            pg_namespace.nspname as name
        from pg_namespace
        where nspname != 'information_schema' and nspname not like 'pg\_%'
    ),
    referenced as (
        select
            relation.id AS id,
            referenced_class.name ,
            referenced_class.schema ,
            referenced_class.kind
        from relation
        join class as referenced_class on relation.class=referenced_class.id
        where referenced_class.kind in ('r', 'v', 'm')
    ),
    relationships as (
        select
            referenced.name as referenced_name,
            referenced.schema as referenced_schema_id,
            dependent_class.name as dependent_name,
            dependent_class.schema as dependent_schema_id,
            referenced.kind as kind
        from referenced
        join dependency on referenced.id=dependency.id
        join class as dependent_class on dependency.ref=dependent_class.id
        where
            (referenced.name != dependent_class.name or
             referenced.schema != dependent_class.schema)
    )

    select
        referenced_schema.name as referenced_schema,
        relationships.referenced_name as referenced_name,
        dependent_schema.name as dependent_schema,
        relationships.dependent_name as dependent_name
    from relationships
    join schema as dependent_schema on relationships.dependent_schema_id=dependent_schema.id
    join schema as referenced_schema on relationships.referenced_schema_id=referenced_schema.id
    group by referenced_schema, referenced_name, dependent_schema, dependent_name
    order by referenced_schema, referenced_name, dependent_schema, dependent_name;
[0m16:30:35.213401 [debug] [MainThread]: SQL status: SELECT 3 in 0.0 seconds
[0m16:30:35.217997 [debug] [MainThread]: Sending event: {'category': 'dbt', 'action': 'runnable_timing', 'label': 'be66923b-6ad5-41aa-9ed5-845ce63c2ed3', 'context': [<snowplow_tracker.self_describing_json.SelfDescribingJson object at 0x00000257B3460790>]}
[0m16:30:35.220528 [debug] [MainThread]: On master: ROLLBACK
[0m16:30:35.225337 [debug] [MainThread]: Using postgres connection "master"
[0m16:30:35.225882 [debug] [MainThread]: On master: BEGIN
[0m16:30:35.232915 [debug] [MainThread]: SQL status: BEGIN in 0.0 seconds
[0m16:30:35.235613 [debug] [MainThread]: On master: COMMIT
[0m16:30:35.237460 [debug] [MainThread]: Using postgres connection "master"
[0m16:30:35.239290 [debug] [MainThread]: On master: COMMIT
[0m16:30:35.243198 [debug] [MainThread]: SQL status: COMMIT in 0.0 seconds
[0m16:30:35.245699 [debug] [MainThread]: On master: Close
[0m16:30:35.248835 [info ] [MainThread]: Concurrency: 1 threads (target='dev')
[0m16:30:35.250846 [info ] [MainThread]: 
[0m16:30:35.263687 [debug] [Thread-1 (]: Began running node test.orderwave.not_null_stg_inventory_product_id.065830936a
[0m16:30:35.266482 [info ] [Thread-1 (]: 1 of 8 START test not_null_stg_inventory_product_id ............................ [RUN]
[0m16:30:35.270509 [debug] [Thread-1 (]: Acquiring new postgres connection 'test.orderwave.not_null_stg_inventory_product_id.065830936a'
[0m16:30:35.272521 [debug] [Thread-1 (]: Began compiling node test.orderwave.not_null_stg_inventory_product_id.065830936a
[0m16:30:35.332748 [debug] [Thread-1 (]: Writing injected SQL for node "test.orderwave.not_null_stg_inventory_product_id.065830936a"
[0m16:30:35.345733 [debug] [Thread-1 (]: Timing info for test.orderwave.not_null_stg_inventory_product_id.065830936a (compile): 16:30:35.275545 => 16:30:35.343122
[0m16:30:35.345733 [debug] [Thread-1 (]: Began executing node test.orderwave.not_null_stg_inventory_product_id.065830936a
[0m16:30:35.396694 [debug] [Thread-1 (]: Writing runtime sql for node "test.orderwave.not_null_stg_inventory_product_id.065830936a"
[0m16:30:35.405858 [debug] [Thread-1 (]: Using postgres connection "test.orderwave.not_null_stg_inventory_product_id.065830936a"
[0m16:30:35.410403 [debug] [Thread-1 (]: On test.orderwave.not_null_stg_inventory_product_id.065830936a: BEGIN
[0m16:30:35.410403 [debug] [Thread-1 (]: Opening a new connection, currently in state init
[0m16:30:35.444869 [debug] [Thread-1 (]: SQL status: BEGIN in 0.0 seconds
[0m16:30:35.447116 [debug] [Thread-1 (]: Using postgres connection "test.orderwave.not_null_stg_inventory_product_id.065830936a"
[0m16:30:35.449235 [debug] [Thread-1 (]: On test.orderwave.not_null_stg_inventory_product_id.065830936a: /* {"app": "dbt", "dbt_version": "1.7.0", "profile_name": "orderwave", "target_name": "dev", "node_id": "test.orderwave.not_null_stg_inventory_product_id.065830936a"} */
select
      count(*) as failures,
      count(*) != 0 as should_warn,
      count(*) != 0 as should_error
    from (
      
    
    



select product_id
from "orderwave_db"."marts_staging"."stg_inventory"
where product_id is null



      
    ) dbt_internal_test
[0m16:30:35.454282 [debug] [Thread-1 (]: SQL status: SELECT 1 in 0.0 seconds
[0m16:30:35.456546 [debug] [Thread-1 (]: Timing info for test.orderwave.not_null_stg_inventory_product_id.065830936a (execute): 16:30:35.348181 => 16:30:35.456546
[0m16:30:35.461243 [debug] [Thread-1 (]: On test.orderwave.not_null_stg_inventory_product_id.065830936a: ROLLBACK
[0m16:30:35.464850 [debug] [Thread-1 (]: On test.orderwave.not_null_stg_inventory_product_id.065830936a: Close
[0m16:30:35.468403 [info ] [Thread-1 (]: 1 of 8 PASS not_null_stg_inventory_product_id .................................. [[32mPASS[0m in 0.20s]
[0m16:30:35.471203 [debug] [Thread-1 (]: Finished running node test.orderwave.not_null_stg_inventory_product_id.065830936a
[0m16:30:35.473432 [debug] [Thread-1 (]: Began running node test.orderwave.not_null_stg_orders_customer_id.af79d5e4b5
[0m16:30:35.475124 [info ] [Thread-1 (]: 2 of 8 START test not_null_stg_orders_customer_id .............................. [RUN]
[0m16:30:35.478510 [debug] [Thread-1 (]: Re-using an available connection from the pool (formerly test.orderwave.not_null_stg_inventory_product_id.065830936a, now test.orderwave.not_null_stg_orders_customer_id.af79d5e4b5)
[0m16:30:35.480750 [debug] [Thread-1 (]: Began compiling node test.orderwave.not_null_stg_orders_customer_id.af79d5e4b5
[0m16:30:35.493182 [debug] [Thread-1 (]: Writing injected SQL for node "test.orderwave.not_null_stg_orders_customer_id.af79d5e4b5"
[0m16:30:35.498951 [debug] [Thread-1 (]: Timing info for test.orderwave.not_null_stg_orders_customer_id.af79d5e4b5 (compile): 16:30:35.481901 => 16:30:35.496315
[0m16:30:35.498951 [debug] [Thread-1 (]: Began executing node test.orderwave.not_null_stg_orders_customer_id.af79d5e4b5
[0m16:30:35.505989 [debug] [Thread-1 (]: Writing runtime sql for node "test.orderwave.not_null_stg_orders_customer_id.af79d5e4b5"
[0m16:30:35.505989 [debug] [Thread-1 (]: Using postgres connection "test.orderwave.not_null_stg_orders_customer_id.af79d5e4b5"
[0m16:30:35.511589 [debug] [Thread-1 (]: On test.orderwave.not_null_stg_orders_customer_id.af79d5e4b5: BEGIN
[0m16:30:35.511589 [debug] [Thread-1 (]: Opening a new connection, currently in state closed
[0m16:30:35.544730 [debug] [Thread-1 (]: SQL status: BEGIN in 0.0 seconds
[0m16:30:35.546910 [debug] [Thread-1 (]: Using postgres connection "test.orderwave.not_null_stg_orders_customer_id.af79d5e4b5"
[0m16:30:35.548574 [debug] [Thread-1 (]: On test.orderwave.not_null_stg_orders_customer_id.af79d5e4b5: /* {"app": "dbt", "dbt_version": "1.7.0", "profile_name": "orderwave", "target_name": "dev", "node_id": "test.orderwave.not_null_stg_orders_customer_id.af79d5e4b5"} */
select
      count(*) as failures,
      count(*) != 0 as should_warn,
      count(*) != 0 as should_error
    from (
      
    
    



select customer_id
from "orderwave_db"."marts_staging"."stg_orders"
where customer_id is null



      
    ) dbt_internal_test
[0m16:30:35.554296 [debug] [Thread-1 (]: SQL status: SELECT 1 in 0.0 seconds
[0m16:30:35.557572 [debug] [Thread-1 (]: Timing info for test.orderwave.not_null_stg_orders_customer_id.af79d5e4b5 (execute): 16:30:35.498951 => 16:30:35.557572
[0m16:30:35.557572 [debug] [Thread-1 (]: On test.orderwave.not_null_stg_orders_customer_id.af79d5e4b5: ROLLBACK
[0m16:30:35.563108 [debug] [Thread-1 (]: On test.orderwave.not_null_stg_orders_customer_id.af79d5e4b5: Close
[0m16:30:35.566135 [info ] [Thread-1 (]: 2 of 8 PASS not_null_stg_orders_customer_id .................................... [[32mPASS[0m in 0.09s]
[0m16:30:35.568991 [debug] [Thread-1 (]: Finished running node test.orderwave.not_null_stg_orders_customer_id.af79d5e4b5
[0m16:30:35.571287 [debug] [Thread-1 (]: Began running node test.orderwave.not_null_stg_orders_order_id.81cfe2fe64
[0m16:30:35.572444 [info ] [Thread-1 (]: 3 of 8 START test not_null_stg_orders_order_id ................................. [RUN]
[0m16:30:35.577009 [debug] [Thread-1 (]: Re-using an available connection from the pool (formerly test.orderwave.not_null_stg_orders_customer_id.af79d5e4b5, now test.orderwave.not_null_stg_orders_order_id.81cfe2fe64)
[0m16:30:35.579268 [debug] [Thread-1 (]: Began compiling node test.orderwave.not_null_stg_orders_order_id.81cfe2fe64
[0m16:30:35.591688 [debug] [Thread-1 (]: Writing injected SQL for node "test.orderwave.not_null_stg_orders_order_id.81cfe2fe64"
[0m16:30:35.595848 [debug] [Thread-1 (]: Timing info for test.orderwave.not_null_stg_orders_order_id.81cfe2fe64 (compile): 16:30:35.580350 => 16:30:35.593836
[0m16:30:35.595848 [debug] [Thread-1 (]: Began executing node test.orderwave.not_null_stg_orders_order_id.81cfe2fe64
[0m16:30:35.609491 [debug] [Thread-1 (]: Writing runtime sql for node "test.orderwave.not_null_stg_orders_order_id.81cfe2fe64"
[0m16:30:35.616373 [debug] [Thread-1 (]: Using postgres connection "test.orderwave.not_null_stg_orders_order_id.81cfe2fe64"
[0m16:30:35.618389 [debug] [Thread-1 (]: On test.orderwave.not_null_stg_orders_order_id.81cfe2fe64: BEGIN
[0m16:30:35.618389 [debug] [Thread-1 (]: Opening a new connection, currently in state closed
[0m16:30:35.669884 [debug] [Thread-1 (]: SQL status: BEGIN in 0.0 seconds
[0m16:30:35.672287 [debug] [Thread-1 (]: Using postgres connection "test.orderwave.not_null_stg_orders_order_id.81cfe2fe64"
[0m16:30:35.673993 [debug] [Thread-1 (]: On test.orderwave.not_null_stg_orders_order_id.81cfe2fe64: /* {"app": "dbt", "dbt_version": "1.7.0", "profile_name": "orderwave", "target_name": "dev", "node_id": "test.orderwave.not_null_stg_orders_order_id.81cfe2fe64"} */
select
      count(*) as failures,
      count(*) != 0 as should_warn,
      count(*) != 0 as should_error
    from (
      
    
    



select order_id
from "orderwave_db"."marts_staging"."stg_orders"
where order_id is null



      
    ) dbt_internal_test
[0m16:30:35.680763 [debug] [Thread-1 (]: SQL status: SELECT 1 in 0.0 seconds
[0m16:30:35.685747 [debug] [Thread-1 (]: Timing info for test.orderwave.not_null_stg_orders_order_id.81cfe2fe64 (execute): 16:30:35.595848 => 16:30:35.685747
[0m16:30:35.688789 [debug] [Thread-1 (]: On test.orderwave.not_null_stg_orders_order_id.81cfe2fe64: ROLLBACK
[0m16:30:35.694965 [debug] [Thread-1 (]: On test.orderwave.not_null_stg_orders_order_id.81cfe2fe64: Close
[0m16:30:35.701386 [info ] [Thread-1 (]: 3 of 8 PASS not_null_stg_orders_order_id ....................................... [[32mPASS[0m in 0.13s]
[0m16:30:35.704590 [debug] [Thread-1 (]: Finished running node test.orderwave.not_null_stg_orders_order_id.81cfe2fe64
[0m16:30:35.705618 [debug] [Thread-1 (]: Began running node test.orderwave.not_null_stg_orders_product_id.034adb910e
[0m16:30:35.709228 [info ] [Thread-1 (]: 4 of 8 START test not_null_stg_orders_product_id ............................... [RUN]
[0m16:30:35.713778 [debug] [Thread-1 (]: Re-using an available connection from the pool (formerly test.orderwave.not_null_stg_orders_order_id.81cfe2fe64, now test.orderwave.not_null_stg_orders_product_id.034adb910e)
[0m16:30:35.717870 [debug] [Thread-1 (]: Began compiling node test.orderwave.not_null_stg_orders_product_id.034adb910e
[0m16:30:35.735696 [debug] [Thread-1 (]: Writing injected SQL for node "test.orderwave.not_null_stg_orders_product_id.034adb910e"
[0m16:30:35.745957 [debug] [Thread-1 (]: Timing info for test.orderwave.not_null_stg_orders_product_id.034adb910e (compile): 16:30:35.717870 => 16:30:35.745957
[0m16:30:35.748006 [debug] [Thread-1 (]: Began executing node test.orderwave.not_null_stg_orders_product_id.034adb910e
[0m16:30:35.755687 [debug] [Thread-1 (]: Writing runtime sql for node "test.orderwave.not_null_stg_orders_product_id.034adb910e"
[0m16:30:35.760952 [debug] [Thread-1 (]: Using postgres connection "test.orderwave.not_null_stg_orders_product_id.034adb910e"
[0m16:30:35.760952 [debug] [Thread-1 (]: On test.orderwave.not_null_stg_orders_product_id.034adb910e: BEGIN
[0m16:30:35.760952 [debug] [Thread-1 (]: Opening a new connection, currently in state closed
[0m16:30:35.797940 [debug] [Thread-1 (]: SQL status: BEGIN in 0.0 seconds
[0m16:30:35.800715 [debug] [Thread-1 (]: Using postgres connection "test.orderwave.not_null_stg_orders_product_id.034adb910e"
[0m16:30:35.802907 [debug] [Thread-1 (]: On test.orderwave.not_null_stg_orders_product_id.034adb910e: /* {"app": "dbt", "dbt_version": "1.7.0", "profile_name": "orderwave", "target_name": "dev", "node_id": "test.orderwave.not_null_stg_orders_product_id.034adb910e"} */
select
      count(*) as failures,
      count(*) != 0 as should_warn,
      count(*) != 0 as should_error
    from (
      
    
    



select product_id
from "orderwave_db"."marts_staging"."stg_orders"
where product_id is null



      
    ) dbt_internal_test
[0m16:30:35.815729 [debug] [Thread-1 (]: SQL status: SELECT 1 in 0.0 seconds
[0m16:30:35.822359 [debug] [Thread-1 (]: Timing info for test.orderwave.not_null_stg_orders_product_id.034adb910e (execute): 16:30:35.750608 => 16:30:35.821269
[0m16:30:35.825205 [debug] [Thread-1 (]: On test.orderwave.not_null_stg_orders_product_id.034adb910e: ROLLBACK
[0m16:30:35.830880 [debug] [Thread-1 (]: On test.orderwave.not_null_stg_orders_product_id.034adb910e: Close
[0m16:30:35.834580 [info ] [Thread-1 (]: 4 of 8 PASS not_null_stg_orders_product_id ..................................... [[32mPASS[0m in 0.12s]
[0m16:30:35.839717 [debug] [Thread-1 (]: Finished running node test.orderwave.not_null_stg_orders_product_id.034adb910e
[0m16:30:35.841866 [debug] [Thread-1 (]: Began running node test.orderwave.not_null_stg_orders_total_amount.f31d98d41b
[0m16:30:35.844326 [info ] [Thread-1 (]: 5 of 8 START test not_null_stg_orders_total_amount ............................. [RUN]
[0m16:30:35.848862 [debug] [Thread-1 (]: Re-using an available connection from the pool (formerly test.orderwave.not_null_stg_orders_product_id.034adb910e, now test.orderwave.not_null_stg_orders_total_amount.f31d98d41b)
[0m16:30:35.850903 [debug] [Thread-1 (]: Began compiling node test.orderwave.not_null_stg_orders_total_amount.f31d98d41b
[0m16:30:35.868229 [debug] [Thread-1 (]: Writing injected SQL for node "test.orderwave.not_null_stg_orders_total_amount.f31d98d41b"
[0m16:30:35.920744 [debug] [Thread-1 (]: Timing info for test.orderwave.not_null_stg_orders_total_amount.f31d98d41b (compile): 16:30:35.850903 => 16:30:35.880676
[0m16:30:35.926676 [debug] [Thread-1 (]: Began executing node test.orderwave.not_null_stg_orders_total_amount.f31d98d41b
[0m16:30:35.942778 [debug] [Thread-1 (]: Writing runtime sql for node "test.orderwave.not_null_stg_orders_total_amount.f31d98d41b"
[0m16:30:35.945976 [debug] [Thread-1 (]: Using postgres connection "test.orderwave.not_null_stg_orders_total_amount.f31d98d41b"
[0m16:30:35.950192 [debug] [Thread-1 (]: On test.orderwave.not_null_stg_orders_total_amount.f31d98d41b: BEGIN
[0m16:30:35.952016 [debug] [Thread-1 (]: Opening a new connection, currently in state closed
[0m16:30:35.992865 [debug] [Thread-1 (]: SQL status: BEGIN in 0.0 seconds
[0m16:30:35.995720 [debug] [Thread-1 (]: Using postgres connection "test.orderwave.not_null_stg_orders_total_amount.f31d98d41b"
[0m16:30:35.998517 [debug] [Thread-1 (]: On test.orderwave.not_null_stg_orders_total_amount.f31d98d41b: /* {"app": "dbt", "dbt_version": "1.7.0", "profile_name": "orderwave", "target_name": "dev", "node_id": "test.orderwave.not_null_stg_orders_total_amount.f31d98d41b"} */
select
      count(*) as failures,
      count(*) != 0 as should_warn,
      count(*) != 0 as should_error
    from (
      
    
    



select total_amount
from "orderwave_db"."marts_staging"."stg_orders"
where total_amount is null



      
    ) dbt_internal_test
[0m16:30:36.005273 [debug] [Thread-1 (]: SQL status: SELECT 1 in 0.0 seconds
[0m16:30:36.011818 [debug] [Thread-1 (]: Timing info for test.orderwave.not_null_stg_orders_total_amount.f31d98d41b (execute): 16:30:35.926676 => 16:30:36.010662
[0m16:30:36.014556 [debug] [Thread-1 (]: On test.orderwave.not_null_stg_orders_total_amount.f31d98d41b: ROLLBACK
[0m16:30:36.019407 [debug] [Thread-1 (]: On test.orderwave.not_null_stg_orders_total_amount.f31d98d41b: Close
[0m16:30:36.025644 [info ] [Thread-1 (]: 5 of 8 PASS not_null_stg_orders_total_amount ................................... [[32mPASS[0m in 0.18s]
[0m16:30:36.032642 [debug] [Thread-1 (]: Finished running node test.orderwave.not_null_stg_orders_total_amount.f31d98d41b
[0m16:30:36.035487 [debug] [Thread-1 (]: Began running node test.orderwave.not_null_stg_products_product_id.6373b0acf3
[0m16:30:36.037646 [info ] [Thread-1 (]: 6 of 8 START test not_null_stg_products_product_id ............................. [RUN]
[0m16:30:36.046354 [debug] [Thread-1 (]: Re-using an available connection from the pool (formerly test.orderwave.not_null_stg_orders_total_amount.f31d98d41b, now test.orderwave.not_null_stg_products_product_id.6373b0acf3)
[0m16:30:36.055983 [debug] [Thread-1 (]: Began compiling node test.orderwave.not_null_stg_products_product_id.6373b0acf3
[0m16:30:36.087971 [debug] [Thread-1 (]: Writing injected SQL for node "test.orderwave.not_null_stg_products_product_id.6373b0acf3"
[0m16:30:36.094722 [debug] [Thread-1 (]: Timing info for test.orderwave.not_null_stg_products_product_id.6373b0acf3 (compile): 16:30:36.065046 => 16:30:36.090510
[0m16:30:36.097589 [debug] [Thread-1 (]: Began executing node test.orderwave.not_null_stg_products_product_id.6373b0acf3
[0m16:30:36.108813 [debug] [Thread-1 (]: Writing runtime sql for node "test.orderwave.not_null_stg_products_product_id.6373b0acf3"
[0m16:30:36.120029 [debug] [Thread-1 (]: Using postgres connection "test.orderwave.not_null_stg_products_product_id.6373b0acf3"
[0m16:30:36.123291 [debug] [Thread-1 (]: On test.orderwave.not_null_stg_products_product_id.6373b0acf3: BEGIN
[0m16:30:36.125031 [debug] [Thread-1 (]: Opening a new connection, currently in state closed
[0m16:30:36.167410 [debug] [Thread-1 (]: SQL status: BEGIN in 0.0 seconds
[0m16:30:36.170435 [debug] [Thread-1 (]: Using postgres connection "test.orderwave.not_null_stg_products_product_id.6373b0acf3"
[0m16:30:36.172233 [debug] [Thread-1 (]: On test.orderwave.not_null_stg_products_product_id.6373b0acf3: /* {"app": "dbt", "dbt_version": "1.7.0", "profile_name": "orderwave", "target_name": "dev", "node_id": "test.orderwave.not_null_stg_products_product_id.6373b0acf3"} */
select
      count(*) as failures,
      count(*) != 0 as should_warn,
      count(*) != 0 as should_error
    from (
      
    
    



select product_id
from "orderwave_db"."marts_staging"."stg_products"
where product_id is null



      
    ) dbt_internal_test
[0m16:30:36.179155 [debug] [Thread-1 (]: SQL status: SELECT 1 in 0.0 seconds
[0m16:30:36.186793 [debug] [Thread-1 (]: Timing info for test.orderwave.not_null_stg_products_product_id.6373b0acf3 (execute): 16:30:36.100526 => 16:30:36.185585
[0m16:30:36.189983 [debug] [Thread-1 (]: On test.orderwave.not_null_stg_products_product_id.6373b0acf3: ROLLBACK
[0m16:30:36.195560 [debug] [Thread-1 (]: On test.orderwave.not_null_stg_products_product_id.6373b0acf3: Close
[0m16:30:36.201049 [info ] [Thread-1 (]: 6 of 8 PASS not_null_stg_products_product_id ................................... [[32mPASS[0m in 0.15s]
[0m16:30:36.207670 [debug] [Thread-1 (]: Finished running node test.orderwave.not_null_stg_products_product_id.6373b0acf3
[0m16:30:36.211531 [debug] [Thread-1 (]: Began running node test.orderwave.unique_stg_orders_order_id.e3b841c71a
[0m16:30:36.214520 [info ] [Thread-1 (]: 7 of 8 START test unique_stg_orders_order_id ................................... [RUN]
[0m16:30:36.221745 [debug] [Thread-1 (]: Re-using an available connection from the pool (formerly test.orderwave.not_null_stg_products_product_id.6373b0acf3, now test.orderwave.unique_stg_orders_order_id.e3b841c71a)
[0m16:30:36.225877 [debug] [Thread-1 (]: Began compiling node test.orderwave.unique_stg_orders_order_id.e3b841c71a
[0m16:30:36.270599 [debug] [Thread-1 (]: Writing injected SQL for node "test.orderwave.unique_stg_orders_order_id.e3b841c71a"
[0m16:30:36.281633 [debug] [Thread-1 (]: Timing info for test.orderwave.unique_stg_orders_order_id.e3b841c71a (compile): 16:30:36.228786 => 16:30:36.281633
[0m16:30:36.283651 [debug] [Thread-1 (]: Began executing node test.orderwave.unique_stg_orders_order_id.e3b841c71a
[0m16:30:36.295963 [debug] [Thread-1 (]: Writing runtime sql for node "test.orderwave.unique_stg_orders_order_id.e3b841c71a"
[0m16:30:36.304622 [debug] [Thread-1 (]: Using postgres connection "test.orderwave.unique_stg_orders_order_id.e3b841c71a"
[0m16:30:36.314444 [debug] [Thread-1 (]: On test.orderwave.unique_stg_orders_order_id.e3b841c71a: BEGIN
[0m16:30:36.317064 [debug] [Thread-1 (]: Opening a new connection, currently in state closed
[0m16:30:36.364439 [debug] [Thread-1 (]: SQL status: BEGIN in 0.0 seconds
[0m16:30:36.365964 [debug] [Thread-1 (]: Using postgres connection "test.orderwave.unique_stg_orders_order_id.e3b841c71a"
[0m16:30:36.365964 [debug] [Thread-1 (]: On test.orderwave.unique_stg_orders_order_id.e3b841c71a: /* {"app": "dbt", "dbt_version": "1.7.0", "profile_name": "orderwave", "target_name": "dev", "node_id": "test.orderwave.unique_stg_orders_order_id.e3b841c71a"} */
select
      count(*) as failures,
      count(*) != 0 as should_warn,
      count(*) != 0 as should_error
    from (
      
    
    

select
    order_id as unique_field,
    count(*) as n_records

from "orderwave_db"."marts_staging"."stg_orders"
where order_id is not null
group by order_id
having count(*) > 1



      
    ) dbt_internal_test
[0m16:30:36.376229 [debug] [Thread-1 (]: SQL status: SELECT 1 in 0.0 seconds
[0m16:30:36.382747 [debug] [Thread-1 (]: Timing info for test.orderwave.unique_stg_orders_order_id.e3b841c71a (execute): 16:30:36.285666 => 16:30:36.382192
[0m16:30:36.384996 [debug] [Thread-1 (]: On test.orderwave.unique_stg_orders_order_id.e3b841c71a: ROLLBACK
[0m16:30:36.389688 [debug] [Thread-1 (]: On test.orderwave.unique_stg_orders_order_id.e3b841c71a: Close
[0m16:30:36.393940 [error] [Thread-1 (]: 7 of 8 FAIL 30 unique_stg_orders_order_id ...................................... [[31mFAIL 30[0m in 0.18s]
[0m16:30:36.397294 [debug] [Thread-1 (]: Finished running node test.orderwave.unique_stg_orders_order_id.e3b841c71a
[0m16:30:36.399325 [debug] [Thread-1 (]: Began running node test.orderwave.unique_stg_products_product_id.7d950a1467
[0m16:30:36.399900 [info ] [Thread-1 (]: 8 of 8 START test unique_stg_products_product_id ............................... [RUN]
[0m16:30:36.399900 [debug] [Thread-1 (]: Re-using an available connection from the pool (formerly test.orderwave.unique_stg_orders_order_id.e3b841c71a, now test.orderwave.unique_stg_products_product_id.7d950a1467)
[0m16:30:36.407111 [debug] [Thread-1 (]: Began compiling node test.orderwave.unique_stg_products_product_id.7d950a1467
[0m16:30:36.423791 [debug] [Thread-1 (]: Writing injected SQL for node "test.orderwave.unique_stg_products_product_id.7d950a1467"
[0m16:30:36.427737 [debug] [Thread-1 (]: Timing info for test.orderwave.unique_stg_products_product_id.7d950a1467 (compile): 16:30:36.408716 => 16:30:36.427737
[0m16:30:36.427737 [debug] [Thread-1 (]: Began executing node test.orderwave.unique_stg_products_product_id.7d950a1467
[0m16:30:36.436433 [debug] [Thread-1 (]: Writing runtime sql for node "test.orderwave.unique_stg_products_product_id.7d950a1467"
[0m16:30:36.448720 [debug] [Thread-1 (]: Using postgres connection "test.orderwave.unique_stg_products_product_id.7d950a1467"
[0m16:30:36.448720 [debug] [Thread-1 (]: On test.orderwave.unique_stg_products_product_id.7d950a1467: BEGIN
[0m16:30:36.455514 [debug] [Thread-1 (]: Opening a new connection, currently in state closed
[0m16:30:36.493219 [debug] [Thread-1 (]: SQL status: BEGIN in 0.0 seconds
[0m16:30:36.495670 [debug] [Thread-1 (]: Using postgres connection "test.orderwave.unique_stg_products_product_id.7d950a1467"
[0m16:30:36.497336 [debug] [Thread-1 (]: On test.orderwave.unique_stg_products_product_id.7d950a1467: /* {"app": "dbt", "dbt_version": "1.7.0", "profile_name": "orderwave", "target_name": "dev", "node_id": "test.orderwave.unique_stg_products_product_id.7d950a1467"} */
select
      count(*) as failures,
      count(*) != 0 as should_warn,
      count(*) != 0 as should_error
    from (
      
    
    

select
    product_id as unique_field,
    count(*) as n_records

from "orderwave_db"."marts_staging"."stg_products"
where product_id is not null
group by product_id
having count(*) > 1



      
    ) dbt_internal_test
[0m16:30:36.504383 [debug] [Thread-1 (]: SQL status: SELECT 1 in 0.0 seconds
[0m16:30:36.508695 [debug] [Thread-1 (]: Timing info for test.orderwave.unique_stg_products_product_id.7d950a1467 (execute): 16:30:36.431928 => 16:30:36.508695
[0m16:30:36.511653 [debug] [Thread-1 (]: On test.orderwave.unique_stg_products_product_id.7d950a1467: ROLLBACK
[0m16:30:36.517434 [debug] [Thread-1 (]: On test.orderwave.unique_stg_products_product_id.7d950a1467: Close
[0m16:30:36.521625 [error] [Thread-1 (]: 8 of 8 FAIL 10 unique_stg_products_product_id .................................. [[31mFAIL 10[0m in 0.12s]
[0m16:30:36.525649 [debug] [Thread-1 (]: Finished running node test.orderwave.unique_stg_products_product_id.7d950a1467
[0m16:30:36.529389 [debug] [MainThread]: Using postgres connection "master"
[0m16:30:36.533889 [debug] [MainThread]: On master: BEGIN
[0m16:30:36.535783 [debug] [MainThread]: Opening a new connection, currently in state closed
[0m16:30:36.579745 [debug] [MainThread]: SQL status: BEGIN in 0.0 seconds
[0m16:30:36.582163 [debug] [MainThread]: On master: COMMIT
[0m16:30:36.583879 [debug] [MainThread]: Using postgres connection "master"
[0m16:30:36.586140 [debug] [MainThread]: On master: COMMIT
[0m16:30:36.591314 [debug] [MainThread]: SQL status: COMMIT in 0.0 seconds
[0m16:30:36.593159 [debug] [MainThread]: On master: Close
[0m16:30:36.597981 [debug] [MainThread]: Connection 'master' was properly closed.
[0m16:30:36.599789 [debug] [MainThread]: Connection 'list_orderwave_db_marts_marts' was properly closed.
[0m16:30:36.602081 [debug] [MainThread]: Connection 'test.orderwave.unique_stg_products_product_id.7d950a1467' was properly closed.
[0m16:30:36.602081 [info ] [MainThread]: 
[0m16:30:36.605624 [info ] [MainThread]: Finished running 8 tests in 0 hours 0 minutes and 1.72 seconds (1.72s).
[0m16:30:36.610156 [debug] [MainThread]: Command end result
[0m16:30:36.638841 [info ] [MainThread]: 
[0m16:30:36.642925 [info ] [MainThread]: [31mCompleted with 2 errors and 0 warnings:[0m
[0m16:30:36.646877 [info ] [MainThread]: 
[0m16:30:36.650167 [error] [MainThread]: [31mFailure in test unique_stg_orders_order_id (models\staging\schema.yml)[0m
[0m16:30:36.650167 [error] [MainThread]:   Got 30 results, configured to fail if != 0
[0m16:30:36.652664 [info ] [MainThread]: 
[0m16:30:36.655700 [info ] [MainThread]:   compiled Code at target\compiled\orderwave\models\staging\schema.yml\unique_stg_orders_order_id.sql
[0m16:30:36.658393 [info ] [MainThread]: 
[0m16:30:36.658393 [error] [MainThread]: [31mFailure in test unique_stg_products_product_id (models\staging\schema.yml)[0m
[0m16:30:36.658393 [error] [MainThread]:   Got 10 results, configured to fail if != 0
[0m16:30:36.665580 [info ] [MainThread]: 
[0m16:30:36.669209 [info ] [MainThread]:   compiled Code at target\compiled\orderwave\models\staging\schema.yml\unique_stg_products_product_id.sql
[0m16:30:36.669209 [info ] [MainThread]: 
[0m16:30:36.669209 [info ] [MainThread]: Done. PASS=6 WARN=0 ERROR=2 SKIP=0 TOTAL=8
[0m16:30:36.678336 [debug] [MainThread]: Command `dbt test` failed at 16:30:36.677817 after 3.78 seconds
[0m16:30:36.678336 [debug] [MainThread]: Sending event: {'category': 'dbt', 'action': 'invocation', 'label': 'end', 'context': [<snowplow_tracker.self_describing_json.SelfDescribingJson object at 0x00000257AEA35050>, <snowplow_tracker.self_describing_json.SelfDescribingJson object at 0x00000257B17FC6D0>, <snowplow_tracker.self_describing_json.SelfDescribingJson object at 0x00000257B2EFBE90>]}
[0m16:30:36.682621 [debug] [MainThread]: Flushing usage events
[0m16:31:37.238404 [debug] [MainThread]: Sending event: {'category': 'dbt', 'action': 'invocation', 'label': 'start', 'context': [<snowplow_tracker.self_describing_json.SelfDescribingJson object at 0x0000025B22F7D950>, <snowplow_tracker.self_describing_json.SelfDescribingJson object at 0x0000025B21988710>, <snowplow_tracker.self_describing_json.SelfDescribingJson object at 0x0000025B2194C450>]}


============================== 16:31:37.248863 | 7bbf6687-d819-44c2-8b51-f62867f31d54 ==============================
[0m16:31:37.248863 [info ] [MainThread]: Running with dbt=1.7.0
[0m16:31:37.248863 [debug] [MainThread]: running dbt with arguments {'use_colors': 'True', 'use_experimental_parser': 'False', 'profiles_dir': 'C:\\Users\\nagzz\\.dbt', 'printer_width': '80', 'introspect': 'True', 'log_format': 'default', 'partial_parse': 'True', 'warn_error_options': 'WarnErrorOptions(include=[], exclude=[])', 'log_cache_events': 'False', 'warn_error': 'None', 'no_print': 'None', 'target_path': 'None', 'debug': 'False', 'static_parser': 'True', 'indirect_selection': 'eager', 'quiet': 'False', 'send_anonymous_usage_stats': 'True', 'version_check': 'True', 'invocation_command': 'dbt run', 'cache_selected_only': 'False', 'log_path': 'E:\\OrderWave\\dbt_project\\logs', 'write_json': 'True', 'fail_fast': 'False'}
[0m16:31:37.862500 [debug] [MainThread]: Sending event: {'category': 'dbt', 'action': 'project_id', 'label': '7bbf6687-d819-44c2-8b51-f62867f31d54', 'context': [<snowplow_tracker.self_describing_json.SelfDescribingJson object at 0x0000025B21C35050>]}
[0m16:31:38.255599 [debug] [MainThread]: Sending event: {'category': 'dbt', 'action': 'adapter_info', 'label': '7bbf6687-d819-44c2-8b51-f62867f31d54', 'context': [<snowplow_tracker.self_describing_json.SelfDescribingJson object at 0x0000025B21955850>]}
[0m16:31:38.266501 [info ] [MainThread]: Registered adapter: postgres=1.7.0
[0m16:31:38.334875 [debug] [MainThread]: checksum: 8434eacd4ffdf0ca3ab22bf0e2d55b45306c9599613e842b959405abc489e606, vars: {}, profile: , target: , version: 1.7.0
[0m16:31:38.597787 [debug] [MainThread]: Partial parsing enabled: 0 files deleted, 0 files added, 0 files changed.
[0m16:31:38.599430 [debug] [MainThread]: Partial parsing enabled, no changes found, skipping parsing
[0m16:31:38.615739 [debug] [MainThread]: Sending event: {'category': 'dbt', 'action': 'load_project', 'label': '7bbf6687-d819-44c2-8b51-f62867f31d54', 'context': [<snowplow_tracker.self_describing_json.SelfDescribingJson object at 0x0000025B21979790>]}
[0m16:31:38.657937 [debug] [MainThread]: Sending event: {'category': 'dbt', 'action': 'resource_counts', 'label': '7bbf6687-d819-44c2-8b51-f62867f31d54', 'context': [<snowplow_tracker.self_describing_json.SelfDescribingJson object at 0x0000025B2311F2D0>]}
[0m16:31:38.659910 [info ] [MainThread]: Found 7 models, 8 tests, 0 sources, 0 exposures, 0 metrics, 401 macros, 0 groups, 0 semantic models
[0m16:31:38.663949 [debug] [MainThread]: Sending event: {'category': 'dbt', 'action': 'runnable_timing', 'label': '7bbf6687-d819-44c2-8b51-f62867f31d54', 'context': [<snowplow_tracker.self_describing_json.SelfDescribingJson object at 0x0000025B216D0F50>]}
[0m16:31:38.673057 [info ] [MainThread]: 
[0m16:31:38.676650 [debug] [MainThread]: Acquiring new postgres connection 'master'
[0m16:31:38.676650 [debug] [ThreadPool]: Acquiring new postgres connection 'list_orderwave_db'
[0m16:31:38.728662 [debug] [ThreadPool]: Using postgres connection "list_orderwave_db"
[0m16:31:38.728662 [debug] [ThreadPool]: On list_orderwave_db: /* {"app": "dbt", "dbt_version": "1.7.0", "profile_name": "orderwave", "target_name": "dev", "connection_name": "list_orderwave_db"} */

    select distinct nspname from pg_namespace
  
[0m16:31:38.734197 [debug] [ThreadPool]: Opening a new connection, currently in state init
[0m16:31:38.787281 [debug] [ThreadPool]: SQL status: SELECT 7 in 0.0 seconds
[0m16:31:38.792139 [debug] [ThreadPool]: On list_orderwave_db: Close
[0m16:31:38.802634 [debug] [ThreadPool]: Using postgres connection "list_orderwave_db"
[0m16:31:38.804909 [debug] [ThreadPool]: On list_orderwave_db: /* {"app": "dbt", "dbt_version": "1.7.0", "profile_name": "orderwave", "target_name": "dev", "connection_name": "list_orderwave_db"} */

    select distinct nspname from pg_namespace
  
[0m16:31:38.808413 [debug] [ThreadPool]: Opening a new connection, currently in state closed
[0m16:31:38.851247 [debug] [ThreadPool]: SQL status: SELECT 7 in 0.0 seconds
[0m16:31:38.854996 [debug] [ThreadPool]: On list_orderwave_db: Close
[0m16:31:38.859072 [debug] [ThreadPool]: Acquiring new postgres connection 'list_orderwave_db_marts_staging'
[0m16:31:38.877836 [debug] [ThreadPool]: Using postgres connection "list_orderwave_db_marts_staging"
[0m16:31:38.877836 [debug] [ThreadPool]: On list_orderwave_db_marts_staging: BEGIN
[0m16:31:38.881597 [debug] [ThreadPool]: Opening a new connection, currently in state init
[0m16:31:38.919556 [debug] [ThreadPool]: SQL status: BEGIN in 0.0 seconds
[0m16:31:38.922591 [debug] [ThreadPool]: Using postgres connection "list_orderwave_db_marts_staging"
[0m16:31:38.924335 [debug] [ThreadPool]: On list_orderwave_db_marts_staging: /* {"app": "dbt", "dbt_version": "1.7.0", "profile_name": "orderwave", "target_name": "dev", "connection_name": "list_orderwave_db_marts_staging"} */
select
      'orderwave_db' as database,
      tablename as name,
      schemaname as schema,
      'table' as type
    from pg_tables
    where schemaname ilike 'marts_staging'
    union all
    select
      'orderwave_db' as database,
      viewname as name,
      schemaname as schema,
      'view' as type
    from pg_views
    where schemaname ilike 'marts_staging'
    union all
    select
      'orderwave_db' as database,
      matviewname as name,
      schemaname as schema,
      'materialized_view' as type
    from pg_matviews
    where schemaname ilike 'marts_staging'
  
[0m16:31:38.934673 [debug] [ThreadPool]: SQL status: SELECT 3 in 0.0 seconds
[0m16:31:38.938660 [debug] [ThreadPool]: On list_orderwave_db_marts_staging: ROLLBACK
[0m16:31:38.942587 [debug] [ThreadPool]: On list_orderwave_db_marts_staging: Close
[0m16:31:38.945954 [debug] [ThreadPool]: Re-using an available connection from the pool (formerly list_orderwave_db_marts_staging, now list_orderwave_db_marts_marts)
[0m16:31:38.955790 [debug] [ThreadPool]: Using postgres connection "list_orderwave_db_marts_marts"
[0m16:31:38.957836 [debug] [ThreadPool]: On list_orderwave_db_marts_marts: BEGIN
[0m16:31:38.959852 [debug] [ThreadPool]: Opening a new connection, currently in state closed
[0m16:31:38.993219 [debug] [ThreadPool]: SQL status: BEGIN in 0.0 seconds
[0m16:31:38.995604 [debug] [ThreadPool]: Using postgres connection "list_orderwave_db_marts_marts"
[0m16:31:38.998421 [debug] [ThreadPool]: On list_orderwave_db_marts_marts: /* {"app": "dbt", "dbt_version": "1.7.0", "profile_name": "orderwave", "target_name": "dev", "connection_name": "list_orderwave_db_marts_marts"} */
select
      'orderwave_db' as database,
      tablename as name,
      schemaname as schema,
      'table' as type
    from pg_tables
    where schemaname ilike 'marts_marts'
    union all
    select
      'orderwave_db' as database,
      viewname as name,
      schemaname as schema,
      'view' as type
    from pg_views
    where schemaname ilike 'marts_marts'
    union all
    select
      'orderwave_db' as database,
      matviewname as name,
      schemaname as schema,
      'materialized_view' as type
    from pg_matviews
    where schemaname ilike 'marts_marts'
  
[0m16:31:39.008085 [debug] [ThreadPool]: SQL status: SELECT 4 in 0.0 seconds
[0m16:31:39.013896 [debug] [ThreadPool]: On list_orderwave_db_marts_marts: ROLLBACK
[0m16:31:39.018432 [debug] [ThreadPool]: On list_orderwave_db_marts_marts: Close
[0m16:31:39.034533 [debug] [MainThread]: Using postgres connection "master"
[0m16:31:39.035736 [debug] [MainThread]: On master: BEGIN
[0m16:31:39.035736 [debug] [MainThread]: Opening a new connection, currently in state init
[0m16:31:39.072367 [debug] [MainThread]: SQL status: BEGIN in 0.0 seconds
[0m16:31:39.074702 [debug] [MainThread]: Using postgres connection "master"
[0m16:31:39.076907 [debug] [MainThread]: On master: /* {"app": "dbt", "dbt_version": "1.7.0", "profile_name": "orderwave", "target_name": "dev", "connection_name": "master"} */
with relation as (
        select
            pg_rewrite.ev_class as class,
            pg_rewrite.oid as id
        from pg_rewrite
    ),
    class as (
        select
            oid as id,
            relname as name,
            relnamespace as schema,
            relkind as kind
        from pg_class
    ),
    dependency as (
        select distinct
            pg_depend.objid as id,
            pg_depend.refobjid as ref
        from pg_depend
    ),
    schema as (
        select
            pg_namespace.oid as id,
            pg_namespace.nspname as name
        from pg_namespace
        where nspname != 'information_schema' and nspname not like 'pg\_%'
    ),
    referenced as (
        select
            relation.id AS id,
            referenced_class.name ,
            referenced_class.schema ,
            referenced_class.kind
        from relation
        join class as referenced_class on relation.class=referenced_class.id
        where referenced_class.kind in ('r', 'v', 'm')
    ),
    relationships as (
        select
            referenced.name as referenced_name,
            referenced.schema as referenced_schema_id,
            dependent_class.name as dependent_name,
            dependent_class.schema as dependent_schema_id,
            referenced.kind as kind
        from referenced
        join dependency on referenced.id=dependency.id
        join class as dependent_class on dependency.ref=dependent_class.id
        where
            (referenced.name != dependent_class.name or
             referenced.schema != dependent_class.schema)
    )

    select
        referenced_schema.name as referenced_schema,
        relationships.referenced_name as referenced_name,
        dependent_schema.name as dependent_schema,
        relationships.dependent_name as dependent_name
    from relationships
    join schema as dependent_schema on relationships.dependent_schema_id=dependent_schema.id
    join schema as referenced_schema on relationships.referenced_schema_id=referenced_schema.id
    group by referenced_schema, referenced_name, dependent_schema, dependent_name
    order by referenced_schema, referenced_name, dependent_schema, dependent_name;
[0m16:31:39.128789 [debug] [MainThread]: SQL status: SELECT 3 in 0.0 seconds
[0m16:31:39.132735 [debug] [MainThread]: Sending event: {'category': 'dbt', 'action': 'runnable_timing', 'label': '7bbf6687-d819-44c2-8b51-f62867f31d54', 'context': [<snowplow_tracker.self_describing_json.SelfDescribingJson object at 0x0000025B23097150>]}
[0m16:31:39.135004 [debug] [MainThread]: On master: ROLLBACK
[0m16:31:39.139097 [debug] [MainThread]: Using postgres connection "master"
[0m16:31:39.141190 [debug] [MainThread]: On master: BEGIN
[0m16:31:39.147907 [debug] [MainThread]: SQL status: BEGIN in 0.0 seconds
[0m16:31:39.151017 [debug] [MainThread]: On master: COMMIT
[0m16:31:39.152673 [debug] [MainThread]: Using postgres connection "master"
[0m16:31:39.154346 [debug] [MainThread]: On master: COMMIT
[0m16:31:39.158868 [debug] [MainThread]: SQL status: COMMIT in 0.0 seconds
[0m16:31:39.160041 [debug] [MainThread]: On master: Close
[0m16:31:39.163921 [info ] [MainThread]: Concurrency: 1 threads (target='dev')
[0m16:31:39.165951 [info ] [MainThread]: 
[0m16:31:39.178734 [debug] [Thread-1 (]: Began running node model.orderwave.stg_inventory
[0m16:31:39.180763 [info ] [Thread-1 (]: 1 of 7 START sql view model marts_staging.stg_inventory ........................ [RUN]
[0m16:31:39.185921 [debug] [Thread-1 (]: Acquiring new postgres connection 'model.orderwave.stg_inventory'
[0m16:31:39.185921 [debug] [Thread-1 (]: Began compiling node model.orderwave.stg_inventory
[0m16:31:39.215659 [debug] [Thread-1 (]: Writing injected SQL for node "model.orderwave.stg_inventory"
[0m16:31:39.225801 [debug] [Thread-1 (]: Timing info for model.orderwave.stg_inventory (compile): 16:31:39.194592 => 16:31:39.224278
[0m16:31:39.227808 [debug] [Thread-1 (]: Began executing node model.orderwave.stg_inventory
[0m16:31:39.356154 [debug] [Thread-1 (]: Writing runtime sql for node "model.orderwave.stg_inventory"
[0m16:31:39.356154 [debug] [Thread-1 (]: Using postgres connection "model.orderwave.stg_inventory"
[0m16:31:39.361863 [debug] [Thread-1 (]: On model.orderwave.stg_inventory: BEGIN
[0m16:31:39.361863 [debug] [Thread-1 (]: Opening a new connection, currently in state init
[0m16:31:39.406500 [debug] [Thread-1 (]: SQL status: BEGIN in 0.0 seconds
[0m16:31:39.409711 [debug] [Thread-1 (]: Using postgres connection "model.orderwave.stg_inventory"
[0m16:31:39.411383 [debug] [Thread-1 (]: On model.orderwave.stg_inventory: /* {"app": "dbt", "dbt_version": "1.7.0", "profile_name": "orderwave", "target_name": "dev", "node_id": "model.orderwave.stg_inventory"} */

  create view "orderwave_db"."marts_staging"."stg_inventory__dbt_tmp"
    
    
  as (
    SELECT
    product_id,
    warehouse_id,
    warehouse_name,
    stock_quantity,
    reorder_level,
    last_updated::date AS last_updated,
    CASE WHEN stock_quantity < reorder_level THEN true ELSE false END AS is_low_stock,
    ingested_at
FROM raw.inventory
WHERE product_id IS NOT NULL
  );
[0m16:31:39.420564 [debug] [Thread-1 (]: SQL status: CREATE VIEW in 0.0 seconds
[0m16:31:39.438208 [debug] [Thread-1 (]: Using postgres connection "model.orderwave.stg_inventory"
[0m16:31:39.441884 [debug] [Thread-1 (]: On model.orderwave.stg_inventory: /* {"app": "dbt", "dbt_version": "1.7.0", "profile_name": "orderwave", "target_name": "dev", "node_id": "model.orderwave.stg_inventory"} */
alter table "orderwave_db"."marts_staging"."stg_inventory" rename to "stg_inventory__dbt_backup"
[0m16:31:39.446707 [debug] [Thread-1 (]: SQL status: ALTER TABLE in 0.0 seconds
[0m16:31:39.457281 [debug] [Thread-1 (]: Using postgres connection "model.orderwave.stg_inventory"
[0m16:31:39.459388 [debug] [Thread-1 (]: On model.orderwave.stg_inventory: /* {"app": "dbt", "dbt_version": "1.7.0", "profile_name": "orderwave", "target_name": "dev", "node_id": "model.orderwave.stg_inventory"} */
alter table "orderwave_db"."marts_staging"."stg_inventory__dbt_tmp" rename to "stg_inventory"
[0m16:31:39.464532 [debug] [Thread-1 (]: SQL status: ALTER TABLE in 0.0 seconds
[0m16:31:39.509845 [debug] [Thread-1 (]: On model.orderwave.stg_inventory: COMMIT
[0m16:31:39.516026 [debug] [Thread-1 (]: Using postgres connection "model.orderwave.stg_inventory"
[0m16:31:39.518075 [debug] [Thread-1 (]: On model.orderwave.stg_inventory: COMMIT
[0m16:31:39.532644 [debug] [Thread-1 (]: SQL status: COMMIT in 0.0 seconds
[0m16:31:39.549288 [debug] [Thread-1 (]: Applying DROP to: "orderwave_db"."marts_staging"."stg_inventory__dbt_backup"
[0m16:31:39.565545 [debug] [Thread-1 (]: Using postgres connection "model.orderwave.stg_inventory"
[0m16:31:39.565545 [debug] [Thread-1 (]: On model.orderwave.stg_inventory: /* {"app": "dbt", "dbt_version": "1.7.0", "profile_name": "orderwave", "target_name": "dev", "node_id": "model.orderwave.stg_inventory"} */
drop view if exists "orderwave_db"."marts_staging"."stg_inventory__dbt_backup" cascade
[0m16:31:39.579860 [debug] [Thread-1 (]: SQL status: DROP VIEW in 0.0 seconds
[0m16:31:39.585464 [debug] [Thread-1 (]: Timing info for model.orderwave.stg_inventory (execute): 16:31:39.229724 => 16:31:39.584297
[0m16:31:39.587497 [debug] [Thread-1 (]: On model.orderwave.stg_inventory: Close
[0m16:31:39.590360 [debug] [Thread-1 (]: Sending event: {'category': 'dbt', 'action': 'run_model', 'label': '7bbf6687-d819-44c2-8b51-f62867f31d54', 'context': [<snowplow_tracker.self_describing_json.SelfDescribingJson object at 0x0000025B23419450>]}
[0m16:31:39.593001 [info ] [Thread-1 (]: 1 of 7 OK created sql view model marts_staging.stg_inventory ................... [[32mCREATE VIEW[0m in 0.41s]
[0m16:31:39.596976 [debug] [Thread-1 (]: Finished running node model.orderwave.stg_inventory
[0m16:31:39.598728 [debug] [Thread-1 (]: Began running node model.orderwave.stg_orders
[0m16:31:39.601442 [info ] [Thread-1 (]: 2 of 7 START sql view model marts_staging.stg_orders ........................... [RUN]
[0m16:31:39.605402 [debug] [Thread-1 (]: Re-using an available connection from the pool (formerly model.orderwave.stg_inventory, now model.orderwave.stg_orders)
[0m16:31:39.608270 [debug] [Thread-1 (]: Began compiling node model.orderwave.stg_orders
[0m16:31:39.615866 [debug] [Thread-1 (]: Writing injected SQL for node "model.orderwave.stg_orders"
[0m16:31:39.623763 [debug] [Thread-1 (]: Timing info for model.orderwave.stg_orders (compile): 16:31:39.610484 => 16:31:39.621745
[0m16:31:39.625784 [debug] [Thread-1 (]: Began executing node model.orderwave.stg_orders
[0m16:31:39.642057 [debug] [Thread-1 (]: Writing runtime sql for node "model.orderwave.stg_orders"
[0m16:31:39.645650 [debug] [Thread-1 (]: Using postgres connection "model.orderwave.stg_orders"
[0m16:31:39.647838 [debug] [Thread-1 (]: On model.orderwave.stg_orders: BEGIN
[0m16:31:39.649855 [debug] [Thread-1 (]: Opening a new connection, currently in state closed
[0m16:31:39.701578 [debug] [Thread-1 (]: SQL status: BEGIN in 0.0 seconds
[0m16:31:39.703821 [debug] [Thread-1 (]: Using postgres connection "model.orderwave.stg_orders"
[0m16:31:39.705987 [debug] [Thread-1 (]: On model.orderwave.stg_orders: /* {"app": "dbt", "dbt_version": "1.7.0", "profile_name": "orderwave", "target_name": "dev", "node_id": "model.orderwave.stg_orders"} */

  create view "orderwave_db"."marts_staging"."stg_orders__dbt_tmp"
    
    
  as (
    SELECT
    order_id,
    customer_id,
    customer_name,
    customer_email,
    product_id,
    quantity,
    unit_price,
    total_amount,
    order_status,
    order_date::date AS order_date,
    city,
    state,
    ingested_at
FROM raw.orders
WHERE order_id IS NOT NULL
  );
[0m16:31:39.720703 [debug] [Thread-1 (]: SQL status: CREATE VIEW in 0.0 seconds
[0m16:31:39.730576 [debug] [Thread-1 (]: Using postgres connection "model.orderwave.stg_orders"
[0m16:31:39.731120 [debug] [Thread-1 (]: On model.orderwave.stg_orders: /* {"app": "dbt", "dbt_version": "1.7.0", "profile_name": "orderwave", "target_name": "dev", "node_id": "model.orderwave.stg_orders"} */
alter table "orderwave_db"."marts_staging"."stg_orders" rename to "stg_orders__dbt_backup"
[0m16:31:39.739786 [debug] [Thread-1 (]: SQL status: ALTER TABLE in 0.0 seconds
[0m16:31:39.749020 [debug] [Thread-1 (]: Using postgres connection "model.orderwave.stg_orders"
[0m16:31:39.752434 [debug] [Thread-1 (]: On model.orderwave.stg_orders: /* {"app": "dbt", "dbt_version": "1.7.0", "profile_name": "orderwave", "target_name": "dev", "node_id": "model.orderwave.stg_orders"} */
alter table "orderwave_db"."marts_staging"."stg_orders__dbt_tmp" rename to "stg_orders"
[0m16:31:39.759843 [debug] [Thread-1 (]: SQL status: ALTER TABLE in 0.0 seconds
[0m16:31:39.765958 [debug] [Thread-1 (]: On model.orderwave.stg_orders: COMMIT
[0m16:31:39.768899 [debug] [Thread-1 (]: Using postgres connection "model.orderwave.stg_orders"
[0m16:31:39.770577 [debug] [Thread-1 (]: On model.orderwave.stg_orders: COMMIT
[0m16:31:39.778165 [debug] [Thread-1 (]: SQL status: COMMIT in 0.0 seconds
[0m16:31:39.786266 [debug] [Thread-1 (]: Applying DROP to: "orderwave_db"."marts_staging"."stg_orders__dbt_backup"
[0m16:31:39.790314 [debug] [Thread-1 (]: Using postgres connection "model.orderwave.stg_orders"
[0m16:31:39.792327 [debug] [Thread-1 (]: On model.orderwave.stg_orders: /* {"app": "dbt", "dbt_version": "1.7.0", "profile_name": "orderwave", "target_name": "dev", "node_id": "model.orderwave.stg_orders"} */
drop view if exists "orderwave_db"."marts_staging"."stg_orders__dbt_backup" cascade
[0m16:31:39.800785 [debug] [Thread-1 (]: SQL status: DROP VIEW in 0.0 seconds
[0m16:31:39.808061 [debug] [Thread-1 (]: Timing info for model.orderwave.stg_orders (execute): 16:31:39.627853 => 16:31:39.807153
[0m16:31:39.810491 [debug] [Thread-1 (]: On model.orderwave.stg_orders: Close
[0m16:31:39.813151 [debug] [Thread-1 (]: Sending event: {'category': 'dbt', 'action': 'run_model', 'label': '7bbf6687-d819-44c2-8b51-f62867f31d54', 'context': [<snowplow_tracker.self_describing_json.SelfDescribingJson object at 0x0000025B2343FBD0>]}
[0m16:31:39.817691 [info ] [Thread-1 (]: 2 of 7 OK created sql view model marts_staging.stg_orders ...................... [[32mCREATE VIEW[0m in 0.21s]
[0m16:31:39.823293 [debug] [Thread-1 (]: Finished running node model.orderwave.stg_orders
[0m16:31:39.826789 [debug] [Thread-1 (]: Began running node model.orderwave.stg_products
[0m16:31:39.830100 [info ] [Thread-1 (]: 3 of 7 START sql view model marts_staging.stg_products ......................... [RUN]
[0m16:31:39.831799 [debug] [Thread-1 (]: Re-using an available connection from the pool (formerly model.orderwave.stg_orders, now model.orderwave.stg_products)
[0m16:31:39.835739 [debug] [Thread-1 (]: Began compiling node model.orderwave.stg_products
[0m16:31:39.842234 [debug] [Thread-1 (]: Writing injected SQL for node "model.orderwave.stg_products"
[0m16:31:39.848167 [debug] [Thread-1 (]: Timing info for model.orderwave.stg_products (compile): 16:31:39.839196 => 16:31:39.845792
[0m16:31:39.848678 [debug] [Thread-1 (]: Began executing node model.orderwave.stg_products
[0m16:31:39.865853 [debug] [Thread-1 (]: Writing runtime sql for node "model.orderwave.stg_products"
[0m16:31:39.871560 [debug] [Thread-1 (]: Using postgres connection "model.orderwave.stg_products"
[0m16:31:39.876947 [debug] [Thread-1 (]: On model.orderwave.stg_products: BEGIN
[0m16:31:39.880919 [debug] [Thread-1 (]: Opening a new connection, currently in state closed
[0m16:31:39.933955 [debug] [Thread-1 (]: SQL status: BEGIN in 0.0 seconds
[0m16:31:39.937509 [debug] [Thread-1 (]: Using postgres connection "model.orderwave.stg_products"
[0m16:31:39.940415 [debug] [Thread-1 (]: On model.orderwave.stg_products: /* {"app": "dbt", "dbt_version": "1.7.0", "profile_name": "orderwave", "target_name": "dev", "node_id": "model.orderwave.stg_products"} */

  create view "orderwave_db"."marts_staging"."stg_products__dbt_tmp"
    
    
  as (
    SELECT
    product_id,
    product_name,
    category,
    sub_category,
    brand,
    unit_price,
    cost_price,
    ingested_at
FROM raw.products
WHERE product_id IS NOT NULL
  );
[0m16:31:39.949532 [debug] [Thread-1 (]: SQL status: CREATE VIEW in 0.0 seconds
[0m16:31:39.959220 [debug] [Thread-1 (]: Using postgres connection "model.orderwave.stg_products"
[0m16:31:39.961231 [debug] [Thread-1 (]: On model.orderwave.stg_products: /* {"app": "dbt", "dbt_version": "1.7.0", "profile_name": "orderwave", "target_name": "dev", "node_id": "model.orderwave.stg_products"} */
alter table "orderwave_db"."marts_staging"."stg_products" rename to "stg_products__dbt_backup"
[0m16:31:39.967161 [debug] [Thread-1 (]: SQL status: ALTER TABLE in 0.0 seconds
[0m16:31:39.977557 [debug] [Thread-1 (]: Using postgres connection "model.orderwave.stg_products"
[0m16:31:39.978112 [debug] [Thread-1 (]: On model.orderwave.stg_products: /* {"app": "dbt", "dbt_version": "1.7.0", "profile_name": "orderwave", "target_name": "dev", "node_id": "model.orderwave.stg_products"} */
alter table "orderwave_db"."marts_staging"."stg_products__dbt_tmp" rename to "stg_products"
[0m16:31:39.984500 [debug] [Thread-1 (]: SQL status: ALTER TABLE in 0.0 seconds
[0m16:31:39.990247 [debug] [Thread-1 (]: On model.orderwave.stg_products: COMMIT
[0m16:31:39.991914 [debug] [Thread-1 (]: Using postgres connection "model.orderwave.stg_products"
[0m16:31:39.993577 [debug] [Thread-1 (]: On model.orderwave.stg_products: COMMIT
[0m16:31:40.001170 [debug] [Thread-1 (]: SQL status: COMMIT in 0.0 seconds
[0m16:31:40.010843 [debug] [Thread-1 (]: Applying DROP to: "orderwave_db"."marts_staging"."stg_products__dbt_backup"
[0m16:31:40.013172 [debug] [Thread-1 (]: Using postgres connection "model.orderwave.stg_products"
[0m16:31:40.015701 [debug] [Thread-1 (]: On model.orderwave.stg_products: /* {"app": "dbt", "dbt_version": "1.7.0", "profile_name": "orderwave", "target_name": "dev", "node_id": "model.orderwave.stg_products"} */
drop view if exists "orderwave_db"."marts_staging"."stg_products__dbt_backup" cascade
[0m16:31:40.025526 [debug] [Thread-1 (]: SQL status: DROP VIEW in 0.0 seconds
[0m16:31:40.032732 [debug] [Thread-1 (]: Timing info for model.orderwave.stg_products (execute): 16:31:39.850700 => 16:31:40.031609
[0m16:31:40.035015 [debug] [Thread-1 (]: On model.orderwave.stg_products: Close
[0m16:31:40.039096 [debug] [Thread-1 (]: Sending event: {'category': 'dbt', 'action': 'run_model', 'label': '7bbf6687-d819-44c2-8b51-f62867f31d54', 'context': [<snowplow_tracker.self_describing_json.SelfDescribingJson object at 0x0000025B234410D0>]}
[0m16:31:40.043751 [info ] [Thread-1 (]: 3 of 7 OK created sql view model marts_staging.stg_products .................... [[32mCREATE VIEW[0m in 0.21s]
[0m16:31:40.048173 [debug] [Thread-1 (]: Finished running node model.orderwave.stg_products
[0m16:31:40.049850 [debug] [Thread-1 (]: Began running node model.orderwave.dim_customers
[0m16:31:40.052786 [info ] [Thread-1 (]: 4 of 7 START sql table model marts_marts.dim_customers ......................... [RUN]
[0m16:31:40.055881 [debug] [Thread-1 (]: Re-using an available connection from the pool (formerly model.orderwave.stg_products, now model.orderwave.dim_customers)
[0m16:31:40.057947 [debug] [Thread-1 (]: Began compiling node model.orderwave.dim_customers
[0m16:31:40.064728 [debug] [Thread-1 (]: Writing injected SQL for node "model.orderwave.dim_customers"
[0m16:31:40.069565 [debug] [Thread-1 (]: Timing info for model.orderwave.dim_customers (compile): 16:31:40.059964 => 16:31:40.067573
[0m16:31:40.071586 [debug] [Thread-1 (]: Began executing node model.orderwave.dim_customers
[0m16:31:40.141439 [debug] [Thread-1 (]: Writing runtime sql for node "model.orderwave.dim_customers"
[0m16:31:40.145845 [debug] [Thread-1 (]: Using postgres connection "model.orderwave.dim_customers"
[0m16:31:40.147818 [debug] [Thread-1 (]: On model.orderwave.dim_customers: BEGIN
[0m16:31:40.151307 [debug] [Thread-1 (]: Opening a new connection, currently in state closed
[0m16:31:40.193395 [debug] [Thread-1 (]: SQL status: BEGIN in 0.0 seconds
[0m16:31:40.196210 [debug] [Thread-1 (]: Using postgres connection "model.orderwave.dim_customers"
[0m16:31:40.197913 [debug] [Thread-1 (]: On model.orderwave.dim_customers: /* {"app": "dbt", "dbt_version": "1.7.0", "profile_name": "orderwave", "target_name": "dev", "node_id": "model.orderwave.dim_customers"} */

  
    

  create  table "orderwave_db"."marts_marts"."dim_customers__dbt_tmp"
  
  
    as
  
  (
    SELECT DISTINCT
    customer_id,
    customer_name,
    customer_email,
    city,
    state
FROM "orderwave_db"."marts_staging"."stg_orders"
  );
  
[0m16:31:40.208079 [debug] [Thread-1 (]: SQL status: SELECT 27 in 0.0 seconds
[0m16:31:40.219057 [debug] [Thread-1 (]: Using postgres connection "model.orderwave.dim_customers"
[0m16:31:40.220601 [debug] [Thread-1 (]: On model.orderwave.dim_customers: /* {"app": "dbt", "dbt_version": "1.7.0", "profile_name": "orderwave", "target_name": "dev", "node_id": "model.orderwave.dim_customers"} */
alter table "orderwave_db"."marts_marts"."dim_customers" rename to "dim_customers__dbt_backup"
[0m16:31:40.226485 [debug] [Thread-1 (]: SQL status: ALTER TABLE in 0.0 seconds
[0m16:31:40.237493 [debug] [Thread-1 (]: Using postgres connection "model.orderwave.dim_customers"
[0m16:31:40.237493 [debug] [Thread-1 (]: On model.orderwave.dim_customers: /* {"app": "dbt", "dbt_version": "1.7.0", "profile_name": "orderwave", "target_name": "dev", "node_id": "model.orderwave.dim_customers"} */
alter table "orderwave_db"."marts_marts"."dim_customers__dbt_tmp" rename to "dim_customers"
[0m16:31:40.245022 [debug] [Thread-1 (]: SQL status: ALTER TABLE in 0.0 seconds
[0m16:31:40.261930 [debug] [Thread-1 (]: On model.orderwave.dim_customers: COMMIT
[0m16:31:40.265110 [debug] [Thread-1 (]: Using postgres connection "model.orderwave.dim_customers"
[0m16:31:40.267506 [debug] [Thread-1 (]: On model.orderwave.dim_customers: COMMIT
[0m16:31:40.274130 [debug] [Thread-1 (]: SQL status: COMMIT in 0.0 seconds
[0m16:31:40.282835 [debug] [Thread-1 (]: Applying DROP to: "orderwave_db"."marts_marts"."dim_customers__dbt_backup"
[0m16:31:40.285870 [debug] [Thread-1 (]: Using postgres connection "model.orderwave.dim_customers"
[0m16:31:40.295994 [debug] [Thread-1 (]: On model.orderwave.dim_customers: /* {"app": "dbt", "dbt_version": "1.7.0", "profile_name": "orderwave", "target_name": "dev", "node_id": "model.orderwave.dim_customers"} */
drop table if exists "orderwave_db"."marts_marts"."dim_customers__dbt_backup" cascade
[0m16:31:40.305441 [debug] [Thread-1 (]: SQL status: DROP TABLE in 0.0 seconds
[0m16:31:40.311860 [debug] [Thread-1 (]: Timing info for model.orderwave.dim_customers (execute): 16:31:40.075615 => 16:31:40.310448
[0m16:31:40.314021 [debug] [Thread-1 (]: On model.orderwave.dim_customers: Close
[0m16:31:40.317843 [debug] [Thread-1 (]: Sending event: {'category': 'dbt', 'action': 'run_model', 'label': '7bbf6687-d819-44c2-8b51-f62867f31d54', 'context': [<snowplow_tracker.self_describing_json.SelfDescribingJson object at 0x0000025B23359450>]}
[0m16:31:40.320533 [info ] [Thread-1 (]: 4 of 7 OK created sql table model marts_marts.dim_customers .................... [[32mSELECT 27[0m in 0.26s]
[0m16:31:40.325949 [debug] [Thread-1 (]: Finished running node model.orderwave.dim_customers
[0m16:31:40.329267 [debug] [Thread-1 (]: Began running node model.orderwave.dim_dates
[0m16:31:40.331503 [info ] [Thread-1 (]: 5 of 7 START sql table model marts_marts.dim_dates ............................. [RUN]
[0m16:31:40.335633 [debug] [Thread-1 (]: Re-using an available connection from the pool (formerly model.orderwave.dim_customers, now model.orderwave.dim_dates)
[0m16:31:40.341216 [debug] [Thread-1 (]: Began compiling node model.orderwave.dim_dates
[0m16:31:40.346676 [debug] [Thread-1 (]: Writing injected SQL for node "model.orderwave.dim_dates"
[0m16:31:40.357100 [debug] [Thread-1 (]: Timing info for model.orderwave.dim_dates (compile): 16:31:40.343016 => 16:31:40.355807
[0m16:31:40.357100 [debug] [Thread-1 (]: Began executing node model.orderwave.dim_dates
[0m16:31:40.377117 [debug] [Thread-1 (]: Writing runtime sql for node "model.orderwave.dim_dates"
[0m16:31:40.380889 [debug] [Thread-1 (]: Using postgres connection "model.orderwave.dim_dates"
[0m16:31:40.380889 [debug] [Thread-1 (]: On model.orderwave.dim_dates: BEGIN
[0m16:31:40.385881 [debug] [Thread-1 (]: Opening a new connection, currently in state closed
[0m16:31:40.428803 [debug] [Thread-1 (]: SQL status: BEGIN in 0.0 seconds
[0m16:31:40.433095 [debug] [Thread-1 (]: Using postgres connection "model.orderwave.dim_dates"
[0m16:31:40.434674 [debug] [Thread-1 (]: On model.orderwave.dim_dates: /* {"app": "dbt", "dbt_version": "1.7.0", "profile_name": "orderwave", "target_name": "dev", "node_id": "model.orderwave.dim_dates"} */

  
    

  create  table "orderwave_db"."marts_marts"."dim_dates__dbt_tmp"
  
  
    as
  
  (
    SELECT DISTINCT
    order_date AS date_day,
    EXTRACT(YEAR FROM order_date)::int AS year,
    EXTRACT(MONTH FROM order_date)::int AS month,
    EXTRACT(DAY FROM order_date)::int AS day,
    TO_CHAR(order_date, 'Month') AS month_name,
    EXTRACT(DOW FROM order_date)::int AS day_of_week,
    TO_CHAR(order_date, 'Day') AS day_name
FROM "orderwave_db"."marts_staging"."stg_orders"
  );
  
[0m16:31:40.456208 [debug] [Thread-1 (]: SQL status: SELECT 30 in 0.0 seconds
[0m16:31:40.466305 [debug] [Thread-1 (]: Using postgres connection "model.orderwave.dim_dates"
[0m16:31:40.466305 [debug] [Thread-1 (]: On model.orderwave.dim_dates: /* {"app": "dbt", "dbt_version": "1.7.0", "profile_name": "orderwave", "target_name": "dev", "node_id": "model.orderwave.dim_dates"} */
alter table "orderwave_db"."marts_marts"."dim_dates" rename to "dim_dates__dbt_backup"
[0m16:31:40.473874 [debug] [Thread-1 (]: SQL status: ALTER TABLE in 0.0 seconds
[0m16:31:40.484986 [debug] [Thread-1 (]: Using postgres connection "model.orderwave.dim_dates"
[0m16:31:40.488337 [debug] [Thread-1 (]: On model.orderwave.dim_dates: /* {"app": "dbt", "dbt_version": "1.7.0", "profile_name": "orderwave", "target_name": "dev", "node_id": "model.orderwave.dim_dates"} */
alter table "orderwave_db"."marts_marts"."dim_dates__dbt_tmp" rename to "dim_dates"
[0m16:31:40.493524 [debug] [Thread-1 (]: SQL status: ALTER TABLE in 0.0 seconds
[0m16:31:40.500377 [debug] [Thread-1 (]: On model.orderwave.dim_dates: COMMIT
[0m16:31:40.502674 [debug] [Thread-1 (]: Using postgres connection "model.orderwave.dim_dates"
[0m16:31:40.504162 [debug] [Thread-1 (]: On model.orderwave.dim_dates: COMMIT
[0m16:31:40.510666 [debug] [Thread-1 (]: SQL status: COMMIT in 0.0 seconds
[0m16:31:40.517458 [debug] [Thread-1 (]: Applying DROP to: "orderwave_db"."marts_marts"."dim_dates__dbt_backup"
[0m16:31:40.520944 [debug] [Thread-1 (]: Using postgres connection "model.orderwave.dim_dates"
[0m16:31:40.521520 [debug] [Thread-1 (]: On model.orderwave.dim_dates: /* {"app": "dbt", "dbt_version": "1.7.0", "profile_name": "orderwave", "target_name": "dev", "node_id": "model.orderwave.dim_dates"} */
drop table if exists "orderwave_db"."marts_marts"."dim_dates__dbt_backup" cascade
[0m16:31:40.529420 [debug] [Thread-1 (]: SQL status: DROP TABLE in 0.0 seconds
[0m16:31:40.533354 [debug] [Thread-1 (]: Timing info for model.orderwave.dim_dates (execute): 16:31:40.357100 => 16:31:40.532780
[0m16:31:40.535239 [debug] [Thread-1 (]: On model.orderwave.dim_dates: Close
[0m16:31:40.538607 [debug] [Thread-1 (]: Sending event: {'category': 'dbt', 'action': 'run_model', 'label': '7bbf6687-d819-44c2-8b51-f62867f31d54', 'context': [<snowplow_tracker.self_describing_json.SelfDescribingJson object at 0x0000025B234CCFD0>]}
[0m16:31:40.540239 [info ] [Thread-1 (]: 5 of 7 OK created sql table model marts_marts.dim_dates ........................ [[32mSELECT 30[0m in 0.20s]
[0m16:31:40.543283 [debug] [Thread-1 (]: Finished running node model.orderwave.dim_dates
[0m16:31:40.543283 [debug] [Thread-1 (]: Began running node model.orderwave.dim_products
[0m16:31:40.545845 [info ] [Thread-1 (]: 6 of 7 START sql table model marts_marts.dim_products .......................... [RUN]
[0m16:31:40.550353 [debug] [Thread-1 (]: Re-using an available connection from the pool (formerly model.orderwave.dim_dates, now model.orderwave.dim_products)
[0m16:31:40.552699 [debug] [Thread-1 (]: Began compiling node model.orderwave.dim_products
[0m16:31:40.557797 [debug] [Thread-1 (]: Writing injected SQL for node "model.orderwave.dim_products"
[0m16:31:40.557797 [debug] [Thread-1 (]: Timing info for model.orderwave.dim_products (compile): 16:31:40.552699 => 16:31:40.557797
[0m16:31:40.565721 [debug] [Thread-1 (]: Began executing node model.orderwave.dim_products
[0m16:31:40.575998 [debug] [Thread-1 (]: Writing runtime sql for node "model.orderwave.dim_products"
[0m16:31:40.580393 [debug] [Thread-1 (]: Using postgres connection "model.orderwave.dim_products"
[0m16:31:40.581411 [debug] [Thread-1 (]: On model.orderwave.dim_products: BEGIN
[0m16:31:40.581411 [debug] [Thread-1 (]: Opening a new connection, currently in state closed
[0m16:31:40.614674 [debug] [Thread-1 (]: SQL status: BEGIN in 0.0 seconds
[0m16:31:40.617464 [debug] [Thread-1 (]: Using postgres connection "model.orderwave.dim_products"
[0m16:31:40.618597 [debug] [Thread-1 (]: On model.orderwave.dim_products: /* {"app": "dbt", "dbt_version": "1.7.0", "profile_name": "orderwave", "target_name": "dev", "node_id": "model.orderwave.dim_products"} */

  
    

  create  table "orderwave_db"."marts_marts"."dim_products__dbt_tmp"
  
  
    as
  
  (
    SELECT
    product_id,
    product_name,
    category,
    sub_category,
    brand,
    unit_price,
    cost_price
FROM "orderwave_db"."marts_staging"."stg_products"
  );
  
[0m16:31:40.625670 [debug] [Thread-1 (]: SQL status: SELECT 10 in 0.0 seconds
[0m16:31:40.632304 [debug] [Thread-1 (]: Using postgres connection "model.orderwave.dim_products"
[0m16:31:40.634322 [debug] [Thread-1 (]: On model.orderwave.dim_products: /* {"app": "dbt", "dbt_version": "1.7.0", "profile_name": "orderwave", "target_name": "dev", "node_id": "model.orderwave.dim_products"} */
alter table "orderwave_db"."marts_marts"."dim_products" rename to "dim_products__dbt_backup"
[0m16:31:40.639493 [debug] [Thread-1 (]: SQL status: ALTER TABLE in 0.0 seconds
[0m16:31:40.649933 [debug] [Thread-1 (]: Using postgres connection "model.orderwave.dim_products"
[0m16:31:40.651689 [debug] [Thread-1 (]: On model.orderwave.dim_products: /* {"app": "dbt", "dbt_version": "1.7.0", "profile_name": "orderwave", "target_name": "dev", "node_id": "model.orderwave.dim_products"} */
alter table "orderwave_db"."marts_marts"."dim_products__dbt_tmp" rename to "dim_products"
[0m16:31:40.657008 [debug] [Thread-1 (]: SQL status: ALTER TABLE in 0.0 seconds
[0m16:31:40.662505 [debug] [Thread-1 (]: On model.orderwave.dim_products: COMMIT
[0m16:31:40.664734 [debug] [Thread-1 (]: Using postgres connection "model.orderwave.dim_products"
[0m16:31:40.666467 [debug] [Thread-1 (]: On model.orderwave.dim_products: COMMIT
[0m16:31:40.679626 [debug] [Thread-1 (]: SQL status: COMMIT in 0.0 seconds
[0m16:31:40.687161 [debug] [Thread-1 (]: Applying DROP to: "orderwave_db"."marts_marts"."dim_products__dbt_backup"
[0m16:31:40.690459 [debug] [Thread-1 (]: Using postgres connection "model.orderwave.dim_products"
[0m16:31:40.690459 [debug] [Thread-1 (]: On model.orderwave.dim_products: /* {"app": "dbt", "dbt_version": "1.7.0", "profile_name": "orderwave", "target_name": "dev", "node_id": "model.orderwave.dim_products"} */
drop table if exists "orderwave_db"."marts_marts"."dim_products__dbt_backup" cascade
[0m16:31:40.698617 [debug] [Thread-1 (]: SQL status: DROP TABLE in 0.0 seconds
[0m16:31:40.703806 [debug] [Thread-1 (]: Timing info for model.orderwave.dim_products (execute): 16:31:40.565721 => 16:31:40.702711
[0m16:31:40.705494 [debug] [Thread-1 (]: On model.orderwave.dim_products: Close
[0m16:31:40.709585 [debug] [Thread-1 (]: Sending event: {'category': 'dbt', 'action': 'run_model', 'label': '7bbf6687-d819-44c2-8b51-f62867f31d54', 'context': [<snowplow_tracker.self_describing_json.SelfDescribingJson object at 0x0000025B23889510>]}
[0m16:31:40.709585 [info ] [Thread-1 (]: 6 of 7 OK created sql table model marts_marts.dim_products ..................... [[32mSELECT 10[0m in 0.16s]
[0m16:31:40.719868 [debug] [Thread-1 (]: Finished running node model.orderwave.dim_products
[0m16:31:40.721611 [debug] [Thread-1 (]: Began running node model.orderwave.fact_orders
[0m16:31:40.723307 [info ] [Thread-1 (]: 7 of 7 START sql table model marts_marts.fact_orders ........................... [RUN]
[0m16:31:40.725986 [debug] [Thread-1 (]: Re-using an available connection from the pool (formerly model.orderwave.dim_products, now model.orderwave.fact_orders)
[0m16:31:40.727528 [debug] [Thread-1 (]: Began compiling node model.orderwave.fact_orders
[0m16:31:40.739225 [debug] [Thread-1 (]: Writing injected SQL for node "model.orderwave.fact_orders"
[0m16:31:40.743600 [debug] [Thread-1 (]: Timing info for model.orderwave.fact_orders (compile): 16:31:40.730098 => 16:31:40.742052
[0m16:31:40.745677 [debug] [Thread-1 (]: Began executing node model.orderwave.fact_orders
[0m16:31:40.755519 [debug] [Thread-1 (]: Writing runtime sql for node "model.orderwave.fact_orders"
[0m16:31:40.761017 [debug] [Thread-1 (]: Using postgres connection "model.orderwave.fact_orders"
[0m16:31:40.761017 [debug] [Thread-1 (]: On model.orderwave.fact_orders: BEGIN
[0m16:31:40.765750 [debug] [Thread-1 (]: Opening a new connection, currently in state closed
[0m16:31:40.803798 [debug] [Thread-1 (]: SQL status: BEGIN in 0.0 seconds
[0m16:31:40.806018 [debug] [Thread-1 (]: Using postgres connection "model.orderwave.fact_orders"
[0m16:31:40.807742 [debug] [Thread-1 (]: On model.orderwave.fact_orders: /* {"app": "dbt", "dbt_version": "1.7.0", "profile_name": "orderwave", "target_name": "dev", "node_id": "model.orderwave.fact_orders"} */

  
    

  create  table "orderwave_db"."marts_marts"."fact_orders__dbt_tmp"
  
  
    as
  
  (
    SELECT
    o.order_id,
    o.customer_id,
    o.product_id,
    o.order_date,
    o.quantity,
    o.unit_price,
    o.total_amount,
    o.order_status,
    o.city,
    o.state,
    p.category,
    p.brand,
    p.cost_price,
    (o.unit_price - p.cost_price) * o.quantity AS gross_profit
FROM "orderwave_db"."marts_staging"."stg_orders" o
LEFT JOIN "orderwave_db"."marts_staging"."stg_products" p ON o.product_id = p.product_id
  );
  
[0m16:31:40.822918 [debug] [Thread-1 (]: SQL status: SELECT 30 in 0.0 seconds
[0m16:31:40.830173 [debug] [Thread-1 (]: Using postgres connection "model.orderwave.fact_orders"
[0m16:31:40.830173 [debug] [Thread-1 (]: On model.orderwave.fact_orders: /* {"app": "dbt", "dbt_version": "1.7.0", "profile_name": "orderwave", "target_name": "dev", "node_id": "model.orderwave.fact_orders"} */
alter table "orderwave_db"."marts_marts"."fact_orders" rename to "fact_orders__dbt_backup"
[0m16:31:40.836608 [debug] [Thread-1 (]: SQL status: ALTER TABLE in 0.0 seconds
[0m16:31:40.845536 [debug] [Thread-1 (]: Using postgres connection "model.orderwave.fact_orders"
[0m16:31:40.847240 [debug] [Thread-1 (]: On model.orderwave.fact_orders: /* {"app": "dbt", "dbt_version": "1.7.0", "profile_name": "orderwave", "target_name": "dev", "node_id": "model.orderwave.fact_orders"} */
alter table "orderwave_db"."marts_marts"."fact_orders__dbt_tmp" rename to "fact_orders"
[0m16:31:40.852501 [debug] [Thread-1 (]: SQL status: ALTER TABLE in 0.0 seconds
[0m16:31:40.859209 [debug] [Thread-1 (]: On model.orderwave.fact_orders: COMMIT
[0m16:31:40.860944 [debug] [Thread-1 (]: Using postgres connection "model.orderwave.fact_orders"
[0m16:31:40.862648 [debug] [Thread-1 (]: On model.orderwave.fact_orders: COMMIT
[0m16:31:40.868987 [debug] [Thread-1 (]: SQL status: COMMIT in 0.0 seconds
[0m16:31:40.876113 [debug] [Thread-1 (]: Applying DROP to: "orderwave_db"."marts_marts"."fact_orders__dbt_backup"
[0m16:31:40.878903 [debug] [Thread-1 (]: Using postgres connection "model.orderwave.fact_orders"
[0m16:31:40.880997 [debug] [Thread-1 (]: On model.orderwave.fact_orders: /* {"app": "dbt", "dbt_version": "1.7.0", "profile_name": "orderwave", "target_name": "dev", "node_id": "model.orderwave.fact_orders"} */
drop table if exists "orderwave_db"."marts_marts"."fact_orders__dbt_backup" cascade
[0m16:31:40.889923 [debug] [Thread-1 (]: SQL status: DROP TABLE in 0.0 seconds
[0m16:31:40.893950 [debug] [Thread-1 (]: Timing info for model.orderwave.fact_orders (execute): 16:31:40.745677 => 16:31:40.893361
[0m16:31:40.896288 [debug] [Thread-1 (]: On model.orderwave.fact_orders: Close
[0m16:31:40.899639 [debug] [Thread-1 (]: Sending event: {'category': 'dbt', 'action': 'run_model', 'label': '7bbf6687-d819-44c2-8b51-f62867f31d54', 'context': [<snowplow_tracker.self_describing_json.SelfDescribingJson object at 0x0000025B2345BD90>]}
[0m16:31:40.900758 [info ] [Thread-1 (]: 7 of 7 OK created sql table model marts_marts.fact_orders ...................... [[32mSELECT 30[0m in 0.18s]
[0m16:31:40.905535 [debug] [Thread-1 (]: Finished running node model.orderwave.fact_orders
[0m16:31:40.905535 [debug] [MainThread]: Using postgres connection "master"
[0m16:31:40.912231 [debug] [MainThread]: On master: BEGIN
[0m16:31:40.914260 [debug] [MainThread]: Opening a new connection, currently in state closed
[0m16:31:40.971613 [debug] [MainThread]: SQL status: BEGIN in 0.0 seconds
[0m16:31:40.973906 [debug] [MainThread]: On master: COMMIT
[0m16:31:40.975038 [debug] [MainThread]: Using postgres connection "master"
[0m16:31:40.976688 [debug] [MainThread]: On master: COMMIT
[0m16:31:40.980107 [debug] [MainThread]: SQL status: COMMIT in 0.0 seconds
[0m16:31:40.981778 [debug] [MainThread]: On master: Close
[0m16:31:40.984398 [debug] [MainThread]: Connection 'master' was properly closed.
[0m16:31:40.985933 [debug] [MainThread]: Connection 'list_orderwave_db' was properly closed.
[0m16:31:40.989496 [debug] [MainThread]: Connection 'list_orderwave_db_marts_marts' was properly closed.
[0m16:31:40.990672 [debug] [MainThread]: Connection 'model.orderwave.fact_orders' was properly closed.
[0m16:31:40.992484 [info ] [MainThread]: 
[0m16:31:40.994717 [info ] [MainThread]: Finished running 3 view models, 4 table models in 0 hours 0 minutes and 2.32 seconds (2.32s).
[0m16:31:40.999315 [debug] [MainThread]: Command end result
[0m16:31:41.025883 [info ] [MainThread]: 
[0m16:31:41.025883 [info ] [MainThread]: [32mCompleted successfully[0m
[0m16:31:41.025883 [info ] [MainThread]: 
[0m16:31:41.025883 [info ] [MainThread]: Done. PASS=7 WARN=0 ERROR=0 SKIP=0 TOTAL=7
[0m16:31:41.036922 [debug] [MainThread]: Command `dbt run` succeeded at 16:31:41.036922 after 4.05 seconds
[0m16:31:41.036922 [debug] [MainThread]: Sending event: {'category': 'dbt', 'action': 'invocation', 'label': 'end', 'context': [<snowplow_tracker.self_describing_json.SelfDescribingJson object at 0x0000025B219EC590>, <snowplow_tracker.self_describing_json.SelfDescribingJson object at 0x0000025B22EEC090>, <snowplow_tracker.self_describing_json.SelfDescribingJson object at 0x0000025B21964810>]}
[0m16:31:41.043324 [debug] [MainThread]: Flushing usage events
[0m16:32:49.555937 [debug] [MainThread]: Sending event: {'category': 'dbt', 'action': 'invocation', 'label': 'start', 'context': [<snowplow_tracker.self_describing_json.SelfDescribingJson object at 0x00000288BDEAC650>, <snowplow_tracker.self_describing_json.SelfDescribingJson object at 0x00000288BDBFD990>, <snowplow_tracker.self_describing_json.SelfDescribingJson object at 0x00000288BC890710>]}


============================== 16:32:49.574100 | e177e46d-5f54-4596-9340-3b5bbe54eec6 ==============================
[0m16:32:49.574100 [info ] [MainThread]: Running with dbt=1.7.0
[0m16:32:49.575622 [debug] [MainThread]: running dbt with arguments {'use_colors': 'True', 'use_experimental_parser': 'False', 'profiles_dir': 'C:\\Users\\nagzz\\.dbt', 'printer_width': '80', 'introspect': 'True', 'log_format': 'default', 'partial_parse': 'True', 'warn_error_options': 'WarnErrorOptions(include=[], exclude=[])', 'log_cache_events': 'False', 'no_print': 'None', 'quiet': 'False', 'target_path': 'None', 'debug': 'False', 'static_parser': 'True', 'indirect_selection': 'eager', 'warn_error': 'None', 'send_anonymous_usage_stats': 'True', 'version_check': 'True', 'invocation_command': 'dbt test', 'cache_selected_only': 'False', 'log_path': 'E:\\OrderWave\\dbt_project\\logs', 'write_json': 'True', 'fail_fast': 'False'}
[0m16:32:50.167115 [debug] [MainThread]: Sending event: {'category': 'dbt', 'action': 'project_id', 'label': 'e177e46d-5f54-4596-9340-3b5bbe54eec6', 'context': [<snowplow_tracker.self_describing_json.SelfDescribingJson object at 0x00000288BC84BF50>]}
[0m16:32:50.489750 [debug] [MainThread]: Sending event: {'category': 'dbt', 'action': 'adapter_info', 'label': 'e177e46d-5f54-4596-9340-3b5bbe54eec6', 'context': [<snowplow_tracker.self_describing_json.SelfDescribingJson object at 0x00000288BC92CC10>]}
[0m16:32:50.492783 [info ] [MainThread]: Registered adapter: postgres=1.7.0
[0m16:32:50.516974 [debug] [MainThread]: checksum: 8434eacd4ffdf0ca3ab22bf0e2d55b45306c9599613e842b959405abc489e606, vars: {}, profile: , target: , version: 1.7.0
[0m16:32:50.676843 [debug] [MainThread]: Partial parsing enabled: 0 files deleted, 0 files added, 0 files changed.
[0m16:32:50.680021 [debug] [MainThread]: Partial parsing enabled, no changes found, skipping parsing
[0m16:32:50.696972 [debug] [MainThread]: Sending event: {'category': 'dbt', 'action': 'load_project', 'label': 'e177e46d-5f54-4596-9340-3b5bbe54eec6', 'context': [<snowplow_tracker.self_describing_json.SelfDescribingJson object at 0x00000288BE249010>]}
[0m16:32:50.738439 [debug] [MainThread]: Sending event: {'category': 'dbt', 'action': 'resource_counts', 'label': 'e177e46d-5f54-4596-9340-3b5bbe54eec6', 'context': [<snowplow_tracker.self_describing_json.SelfDescribingJson object at 0x00000288BE16ABD0>]}
[0m16:32:50.740847 [info ] [MainThread]: Found 7 models, 8 tests, 0 sources, 0 exposures, 0 metrics, 401 macros, 0 groups, 0 semantic models
[0m16:32:50.743749 [debug] [MainThread]: Sending event: {'category': 'dbt', 'action': 'runnable_timing', 'label': 'e177e46d-5f54-4596-9340-3b5bbe54eec6', 'context': [<snowplow_tracker.self_describing_json.SelfDescribingJson object at 0x00000288BE09A0D0>]}
[0m16:32:50.752689 [info ] [MainThread]: 
[0m16:32:50.756777 [debug] [MainThread]: Acquiring new postgres connection 'master'
[0m16:32:50.765642 [debug] [ThreadPool]: Acquiring new postgres connection 'list_orderwave_db_marts_marts'
[0m16:32:50.787725 [debug] [ThreadPool]: Using postgres connection "list_orderwave_db_marts_marts"
[0m16:32:50.795553 [debug] [ThreadPool]: On list_orderwave_db_marts_marts: BEGIN
[0m16:32:50.797301 [debug] [ThreadPool]: Opening a new connection, currently in state init
[0m16:32:50.838666 [debug] [ThreadPool]: SQL status: BEGIN in 0.0 seconds
[0m16:32:50.840424 [debug] [ThreadPool]: Using postgres connection "list_orderwave_db_marts_marts"
[0m16:32:50.842147 [debug] [ThreadPool]: On list_orderwave_db_marts_marts: /* {"app": "dbt", "dbt_version": "1.7.0", "profile_name": "orderwave", "target_name": "dev", "connection_name": "list_orderwave_db_marts_marts"} */
select
      'orderwave_db' as database,
      tablename as name,
      schemaname as schema,
      'table' as type
    from pg_tables
    where schemaname ilike 'marts_marts'
    union all
    select
      'orderwave_db' as database,
      viewname as name,
      schemaname as schema,
      'view' as type
    from pg_views
    where schemaname ilike 'marts_marts'
    union all
    select
      'orderwave_db' as database,
      matviewname as name,
      schemaname as schema,
      'materialized_view' as type
    from pg_matviews
    where schemaname ilike 'marts_marts'
  
[0m16:32:50.852300 [debug] [ThreadPool]: SQL status: SELECT 4 in 0.0 seconds
[0m16:32:50.855668 [debug] [ThreadPool]: On list_orderwave_db_marts_marts: ROLLBACK
[0m16:32:50.859026 [debug] [ThreadPool]: On list_orderwave_db_marts_marts: Close
[0m16:32:50.863311 [debug] [ThreadPool]: Re-using an available connection from the pool (formerly list_orderwave_db_marts_marts, now list_orderwave_db_marts_staging)
[0m16:32:50.869874 [debug] [ThreadPool]: Using postgres connection "list_orderwave_db_marts_staging"
[0m16:32:50.869874 [debug] [ThreadPool]: On list_orderwave_db_marts_staging: BEGIN
[0m16:32:50.869874 [debug] [ThreadPool]: Opening a new connection, currently in state closed
[0m16:32:50.915815 [debug] [ThreadPool]: SQL status: BEGIN in 0.0 seconds
[0m16:32:50.918447 [debug] [ThreadPool]: Using postgres connection "list_orderwave_db_marts_staging"
[0m16:32:50.920220 [debug] [ThreadPool]: On list_orderwave_db_marts_staging: /* {"app": "dbt", "dbt_version": "1.7.0", "profile_name": "orderwave", "target_name": "dev", "connection_name": "list_orderwave_db_marts_staging"} */
select
      'orderwave_db' as database,
      tablename as name,
      schemaname as schema,
      'table' as type
    from pg_tables
    where schemaname ilike 'marts_staging'
    union all
    select
      'orderwave_db' as database,
      viewname as name,
      schemaname as schema,
      'view' as type
    from pg_views
    where schemaname ilike 'marts_staging'
    union all
    select
      'orderwave_db' as database,
      matviewname as name,
      schemaname as schema,
      'materialized_view' as type
    from pg_matviews
    where schemaname ilike 'marts_staging'
  
[0m16:32:50.932189 [debug] [ThreadPool]: SQL status: SELECT 3 in 0.0 seconds
[0m16:32:50.935751 [debug] [ThreadPool]: On list_orderwave_db_marts_staging: ROLLBACK
[0m16:32:50.941559 [debug] [ThreadPool]: On list_orderwave_db_marts_staging: Close
[0m16:32:50.958016 [debug] [MainThread]: Using postgres connection "master"
[0m16:32:50.961143 [debug] [MainThread]: On master: BEGIN
[0m16:32:50.961143 [debug] [MainThread]: Opening a new connection, currently in state init
[0m16:32:50.996919 [debug] [MainThread]: SQL status: BEGIN in 0.0 seconds
[0m16:32:50.999738 [debug] [MainThread]: Using postgres connection "master"
[0m16:32:51.001399 [debug] [MainThread]: On master: /* {"app": "dbt", "dbt_version": "1.7.0", "profile_name": "orderwave", "target_name": "dev", "connection_name": "master"} */
with relation as (
        select
            pg_rewrite.ev_class as class,
            pg_rewrite.oid as id
        from pg_rewrite
    ),
    class as (
        select
            oid as id,
            relname as name,
            relnamespace as schema,
            relkind as kind
        from pg_class
    ),
    dependency as (
        select distinct
            pg_depend.objid as id,
            pg_depend.refobjid as ref
        from pg_depend
    ),
    schema as (
        select
            pg_namespace.oid as id,
            pg_namespace.nspname as name
        from pg_namespace
        where nspname != 'information_schema' and nspname not like 'pg\_%'
    ),
    referenced as (
        select
            relation.id AS id,
            referenced_class.name ,
            referenced_class.schema ,
            referenced_class.kind
        from relation
        join class as referenced_class on relation.class=referenced_class.id
        where referenced_class.kind in ('r', 'v', 'm')
    ),
    relationships as (
        select
            referenced.name as referenced_name,
            referenced.schema as referenced_schema_id,
            dependent_class.name as dependent_name,
            dependent_class.schema as dependent_schema_id,
            referenced.kind as kind
        from referenced
        join dependency on referenced.id=dependency.id
        join class as dependent_class on dependency.ref=dependent_class.id
        where
            (referenced.name != dependent_class.name or
             referenced.schema != dependent_class.schema)
    )

    select
        referenced_schema.name as referenced_schema,
        relationships.referenced_name as referenced_name,
        dependent_schema.name as dependent_schema,
        relationships.dependent_name as dependent_name
    from relationships
    join schema as dependent_schema on relationships.dependent_schema_id=dependent_schema.id
    join schema as referenced_schema on relationships.referenced_schema_id=referenced_schema.id
    group by referenced_schema, referenced_name, dependent_schema, dependent_name
    order by referenced_schema, referenced_name, dependent_schema, dependent_name;
[0m16:32:51.057364 [debug] [MainThread]: SQL status: SELECT 3 in 0.0 seconds
[0m16:32:51.060616 [debug] [MainThread]: Sending event: {'category': 'dbt', 'action': 'runnable_timing', 'label': 'e177e46d-5f54-4596-9340-3b5bbe54eec6', 'context': [<snowplow_tracker.self_describing_json.SelfDescribingJson object at 0x00000288BE0384D0>]}
[0m16:32:51.062246 [debug] [MainThread]: On master: ROLLBACK
[0m16:32:51.067705 [debug] [MainThread]: Using postgres connection "master"
[0m16:32:51.069853 [debug] [MainThread]: On master: BEGIN
[0m16:32:51.075890 [debug] [MainThread]: SQL status: BEGIN in 0.0 seconds
[0m16:32:51.077919 [debug] [MainThread]: On master: COMMIT
[0m16:32:51.080386 [debug] [MainThread]: Using postgres connection "master"
[0m16:32:51.082835 [debug] [MainThread]: On master: COMMIT
[0m16:32:51.087775 [debug] [MainThread]: SQL status: COMMIT in 0.0 seconds
[0m16:32:51.089296 [debug] [MainThread]: On master: Close
[0m16:32:51.092113 [info ] [MainThread]: Concurrency: 1 threads (target='dev')
[0m16:32:51.093427 [info ] [MainThread]: 
[0m16:32:51.099921 [debug] [Thread-1 (]: Began running node test.orderwave.not_null_stg_inventory_product_id.065830936a
[0m16:32:51.107190 [info ] [Thread-1 (]: 1 of 8 START test not_null_stg_inventory_product_id ............................ [RUN]
[0m16:32:51.111260 [debug] [Thread-1 (]: Acquiring new postgres connection 'test.orderwave.not_null_stg_inventory_product_id.065830936a'
[0m16:32:51.113826 [debug] [Thread-1 (]: Began compiling node test.orderwave.not_null_stg_inventory_product_id.065830936a
[0m16:32:51.155800 [debug] [Thread-1 (]: Writing injected SQL for node "test.orderwave.not_null_stg_inventory_product_id.065830936a"
[0m16:32:51.159847 [debug] [Thread-1 (]: Timing info for test.orderwave.not_null_stg_inventory_product_id.065830936a (compile): 16:32:51.113826 => 16:32:51.158397
[0m16:32:51.161868 [debug] [Thread-1 (]: Began executing node test.orderwave.not_null_stg_inventory_product_id.065830936a
[0m16:32:51.199880 [debug] [Thread-1 (]: Writing runtime sql for node "test.orderwave.not_null_stg_inventory_product_id.065830936a"
[0m16:32:51.200895 [debug] [Thread-1 (]: Using postgres connection "test.orderwave.not_null_stg_inventory_product_id.065830936a"
[0m16:32:51.204144 [debug] [Thread-1 (]: On test.orderwave.not_null_stg_inventory_product_id.065830936a: BEGIN
[0m16:32:51.205881 [debug] [Thread-1 (]: Opening a new connection, currently in state init
[0m16:32:51.249375 [debug] [Thread-1 (]: SQL status: BEGIN in 0.0 seconds
[0m16:32:51.251707 [debug] [Thread-1 (]: Using postgres connection "test.orderwave.not_null_stg_inventory_product_id.065830936a"
[0m16:32:51.253948 [debug] [Thread-1 (]: On test.orderwave.not_null_stg_inventory_product_id.065830936a: /* {"app": "dbt", "dbt_version": "1.7.0", "profile_name": "orderwave", "target_name": "dev", "node_id": "test.orderwave.not_null_stg_inventory_product_id.065830936a"} */
select
      count(*) as failures,
      count(*) != 0 as should_warn,
      count(*) != 0 as should_error
    from (
      
    
    



select product_id
from "orderwave_db"."marts_staging"."stg_inventory"
where product_id is null



      
    ) dbt_internal_test
[0m16:32:51.260774 [debug] [Thread-1 (]: SQL status: SELECT 1 in 0.0 seconds
[0m16:32:51.265617 [debug] [Thread-1 (]: Timing info for test.orderwave.not_null_stg_inventory_product_id.065830936a (execute): 16:32:51.163418 => 16:32:51.265617
[0m16:32:51.267688 [debug] [Thread-1 (]: On test.orderwave.not_null_stg_inventory_product_id.065830936a: ROLLBACK
[0m16:32:51.272086 [debug] [Thread-1 (]: On test.orderwave.not_null_stg_inventory_product_id.065830936a: Close
[0m16:32:51.276580 [info ] [Thread-1 (]: 1 of 8 PASS not_null_stg_inventory_product_id .................................. [[32mPASS[0m in 0.17s]
[0m16:32:51.280066 [debug] [Thread-1 (]: Finished running node test.orderwave.not_null_stg_inventory_product_id.065830936a
[0m16:32:51.282090 [debug] [Thread-1 (]: Began running node test.orderwave.not_null_stg_orders_customer_id.af79d5e4b5
[0m16:32:51.283795 [info ] [Thread-1 (]: 2 of 8 START test not_null_stg_orders_customer_id .............................. [RUN]
[0m16:32:51.288025 [debug] [Thread-1 (]: Re-using an available connection from the pool (formerly test.orderwave.not_null_stg_inventory_product_id.065830936a, now test.orderwave.not_null_stg_orders_customer_id.af79d5e4b5)
[0m16:32:51.291447 [debug] [Thread-1 (]: Began compiling node test.orderwave.not_null_stg_orders_customer_id.af79d5e4b5
[0m16:32:51.308349 [debug] [Thread-1 (]: Writing injected SQL for node "test.orderwave.not_null_stg_orders_customer_id.af79d5e4b5"
[0m16:32:51.313179 [debug] [Thread-1 (]: Timing info for test.orderwave.not_null_stg_orders_customer_id.af79d5e4b5 (compile): 16:32:51.292533 => 16:32:51.311384
[0m16:32:51.315645 [debug] [Thread-1 (]: Began executing node test.orderwave.not_null_stg_orders_customer_id.af79d5e4b5
[0m16:32:51.315645 [debug] [Thread-1 (]: Writing runtime sql for node "test.orderwave.not_null_stg_orders_customer_id.af79d5e4b5"
[0m16:32:51.325598 [debug] [Thread-1 (]: Using postgres connection "test.orderwave.not_null_stg_orders_customer_id.af79d5e4b5"
[0m16:32:51.327870 [debug] [Thread-1 (]: On test.orderwave.not_null_stg_orders_customer_id.af79d5e4b5: BEGIN
[0m16:32:51.330654 [debug] [Thread-1 (]: Opening a new connection, currently in state closed
[0m16:32:51.370174 [debug] [Thread-1 (]: SQL status: BEGIN in 0.0 seconds
[0m16:32:51.372344 [debug] [Thread-1 (]: Using postgres connection "test.orderwave.not_null_stg_orders_customer_id.af79d5e4b5"
[0m16:32:51.375157 [debug] [Thread-1 (]: On test.orderwave.not_null_stg_orders_customer_id.af79d5e4b5: /* {"app": "dbt", "dbt_version": "1.7.0", "profile_name": "orderwave", "target_name": "dev", "node_id": "test.orderwave.not_null_stg_orders_customer_id.af79d5e4b5"} */
select
      count(*) as failures,
      count(*) != 0 as should_warn,
      count(*) != 0 as should_error
    from (
      
    
    



select customer_id
from "orderwave_db"."marts_staging"."stg_orders"
where customer_id is null



      
    ) dbt_internal_test
[0m16:32:51.381993 [debug] [Thread-1 (]: SQL status: SELECT 1 in 0.0 seconds
[0m16:32:51.388591 [debug] [Thread-1 (]: Timing info for test.orderwave.not_null_stg_orders_customer_id.af79d5e4b5 (execute): 16:32:51.315645 => 16:32:51.388056
[0m16:32:51.391422 [debug] [Thread-1 (]: On test.orderwave.not_null_stg_orders_customer_id.af79d5e4b5: ROLLBACK
[0m16:32:51.395348 [debug] [Thread-1 (]: On test.orderwave.not_null_stg_orders_customer_id.af79d5e4b5: Close
[0m16:32:51.399813 [info ] [Thread-1 (]: 2 of 8 PASS not_null_stg_orders_customer_id .................................... [[32mPASS[0m in 0.11s]
[0m16:32:51.404524 [debug] [Thread-1 (]: Finished running node test.orderwave.not_null_stg_orders_customer_id.af79d5e4b5
[0m16:32:51.406137 [debug] [Thread-1 (]: Began running node test.orderwave.not_null_stg_orders_order_id.81cfe2fe64
[0m16:32:51.409300 [info ] [Thread-1 (]: 3 of 8 START test not_null_stg_orders_order_id ................................. [RUN]
[0m16:32:51.411947 [debug] [Thread-1 (]: Re-using an available connection from the pool (formerly test.orderwave.not_null_stg_orders_customer_id.af79d5e4b5, now test.orderwave.not_null_stg_orders_order_id.81cfe2fe64)
[0m16:32:51.414862 [debug] [Thread-1 (]: Began compiling node test.orderwave.not_null_stg_orders_order_id.81cfe2fe64
[0m16:32:51.435817 [debug] [Thread-1 (]: Writing injected SQL for node "test.orderwave.not_null_stg_orders_order_id.81cfe2fe64"
[0m16:32:51.439912 [debug] [Thread-1 (]: Timing info for test.orderwave.not_null_stg_orders_order_id.81cfe2fe64 (compile): 16:32:51.415885 => 16:32:51.437890
[0m16:32:51.441935 [debug] [Thread-1 (]: Began executing node test.orderwave.not_null_stg_orders_order_id.81cfe2fe64
[0m16:32:51.452020 [debug] [Thread-1 (]: Writing runtime sql for node "test.orderwave.not_null_stg_orders_order_id.81cfe2fe64"
[0m16:32:51.458863 [debug] [Thread-1 (]: Using postgres connection "test.orderwave.not_null_stg_orders_order_id.81cfe2fe64"
[0m16:32:51.458863 [debug] [Thread-1 (]: On test.orderwave.not_null_stg_orders_order_id.81cfe2fe64: BEGIN
[0m16:32:51.461762 [debug] [Thread-1 (]: Opening a new connection, currently in state closed
[0m16:32:51.509506 [debug] [Thread-1 (]: SQL status: BEGIN in 0.0 seconds
[0m16:32:51.512091 [debug] [Thread-1 (]: Using postgres connection "test.orderwave.not_null_stg_orders_order_id.81cfe2fe64"
[0m16:32:51.513760 [debug] [Thread-1 (]: On test.orderwave.not_null_stg_orders_order_id.81cfe2fe64: /* {"app": "dbt", "dbt_version": "1.7.0", "profile_name": "orderwave", "target_name": "dev", "node_id": "test.orderwave.not_null_stg_orders_order_id.81cfe2fe64"} */
select
      count(*) as failures,
      count(*) != 0 as should_warn,
      count(*) != 0 as should_error
    from (
      
    
    



select order_id
from "orderwave_db"."marts_staging"."stg_orders"
where order_id is null



      
    ) dbt_internal_test
[0m16:32:51.519701 [debug] [Thread-1 (]: SQL status: SELECT 1 in 0.0 seconds
[0m16:32:51.519701 [debug] [Thread-1 (]: Timing info for test.orderwave.not_null_stg_orders_order_id.81cfe2fe64 (execute): 16:32:51.443956 => 16:32:51.519701
[0m16:32:51.519701 [debug] [Thread-1 (]: On test.orderwave.not_null_stg_orders_order_id.81cfe2fe64: ROLLBACK
[0m16:32:51.528523 [debug] [Thread-1 (]: On test.orderwave.not_null_stg_orders_order_id.81cfe2fe64: Close
[0m16:32:51.531326 [info ] [Thread-1 (]: 3 of 8 PASS not_null_stg_orders_order_id ....................................... [[32mPASS[0m in 0.12s]
[0m16:32:51.538370 [debug] [Thread-1 (]: Finished running node test.orderwave.not_null_stg_orders_order_id.81cfe2fe64
[0m16:32:51.540427 [debug] [Thread-1 (]: Began running node test.orderwave.not_null_stg_orders_product_id.034adb910e
[0m16:32:51.542441 [info ] [Thread-1 (]: 4 of 8 START test not_null_stg_orders_product_id ............................... [RUN]
[0m16:32:51.545747 [debug] [Thread-1 (]: Re-using an available connection from the pool (formerly test.orderwave.not_null_stg_orders_order_id.81cfe2fe64, now test.orderwave.not_null_stg_orders_product_id.034adb910e)
[0m16:32:51.545747 [debug] [Thread-1 (]: Began compiling node test.orderwave.not_null_stg_orders_product_id.034adb910e
[0m16:32:51.558017 [debug] [Thread-1 (]: Writing injected SQL for node "test.orderwave.not_null_stg_orders_product_id.034adb910e"
[0m16:32:51.562055 [debug] [Thread-1 (]: Timing info for test.orderwave.not_null_stg_orders_product_id.034adb910e (compile): 16:32:51.545747 => 16:32:51.560036
[0m16:32:51.562055 [debug] [Thread-1 (]: Began executing node test.orderwave.not_null_stg_orders_product_id.034adb910e
[0m16:32:51.567781 [debug] [Thread-1 (]: Writing runtime sql for node "test.orderwave.not_null_stg_orders_product_id.034adb910e"
[0m16:32:51.573986 [debug] [Thread-1 (]: Using postgres connection "test.orderwave.not_null_stg_orders_product_id.034adb910e"
[0m16:32:51.576002 [debug] [Thread-1 (]: On test.orderwave.not_null_stg_orders_product_id.034adb910e: BEGIN
[0m16:32:51.576002 [debug] [Thread-1 (]: Opening a new connection, currently in state closed
[0m16:32:51.610766 [debug] [Thread-1 (]: SQL status: BEGIN in 0.0 seconds
[0m16:32:51.613648 [debug] [Thread-1 (]: Using postgres connection "test.orderwave.not_null_stg_orders_product_id.034adb910e"
[0m16:32:51.615344 [debug] [Thread-1 (]: On test.orderwave.not_null_stg_orders_product_id.034adb910e: /* {"app": "dbt", "dbt_version": "1.7.0", "profile_name": "orderwave", "target_name": "dev", "node_id": "test.orderwave.not_null_stg_orders_product_id.034adb910e"} */
select
      count(*) as failures,
      count(*) != 0 as should_warn,
      count(*) != 0 as should_error
    from (
      
    
    



select product_id
from "orderwave_db"."marts_staging"."stg_orders"
where product_id is null



      
    ) dbt_internal_test
[0m16:32:51.621261 [debug] [Thread-1 (]: SQL status: SELECT 1 in 0.0 seconds
[0m16:32:51.621261 [debug] [Thread-1 (]: Timing info for test.orderwave.not_null_stg_orders_product_id.034adb910e (execute): 16:32:51.562055 => 16:32:51.621261
[0m16:32:51.625615 [debug] [Thread-1 (]: On test.orderwave.not_null_stg_orders_product_id.034adb910e: ROLLBACK
[0m16:32:51.630383 [debug] [Thread-1 (]: On test.orderwave.not_null_stg_orders_product_id.034adb910e: Close
[0m16:32:51.633860 [info ] [Thread-1 (]: 4 of 8 PASS not_null_stg_orders_product_id ..................................... [[32mPASS[0m in 0.09s]
[0m16:32:51.637056 [debug] [Thread-1 (]: Finished running node test.orderwave.not_null_stg_orders_product_id.034adb910e
[0m16:32:51.639429 [debug] [Thread-1 (]: Began running node test.orderwave.not_null_stg_orders_total_amount.f31d98d41b
[0m16:32:51.641082 [info ] [Thread-1 (]: 5 of 8 START test not_null_stg_orders_total_amount ............................. [RUN]
[0m16:32:51.642759 [debug] [Thread-1 (]: Re-using an available connection from the pool (formerly test.orderwave.not_null_stg_orders_product_id.034adb910e, now test.orderwave.not_null_stg_orders_total_amount.f31d98d41b)
[0m16:32:51.645615 [debug] [Thread-1 (]: Began compiling node test.orderwave.not_null_stg_orders_total_amount.f31d98d41b
[0m16:32:51.660793 [debug] [Thread-1 (]: Writing injected SQL for node "test.orderwave.not_null_stg_orders_total_amount.f31d98d41b"
[0m16:32:51.668251 [debug] [Thread-1 (]: Timing info for test.orderwave.not_null_stg_orders_total_amount.f31d98d41b (compile): 16:32:51.647715 => 16:32:51.666231
[0m16:32:51.668251 [debug] [Thread-1 (]: Began executing node test.orderwave.not_null_stg_orders_total_amount.f31d98d41b
[0m16:32:51.674941 [debug] [Thread-1 (]: Writing runtime sql for node "test.orderwave.not_null_stg_orders_total_amount.f31d98d41b"
[0m16:32:51.675960 [debug] [Thread-1 (]: Using postgres connection "test.orderwave.not_null_stg_orders_total_amount.f31d98d41b"
[0m16:32:51.679723 [debug] [Thread-1 (]: On test.orderwave.not_null_stg_orders_total_amount.f31d98d41b: BEGIN
[0m16:32:51.679723 [debug] [Thread-1 (]: Opening a new connection, currently in state closed
[0m16:32:51.715832 [debug] [Thread-1 (]: SQL status: BEGIN in 0.0 seconds
[0m16:32:51.718685 [debug] [Thread-1 (]: Using postgres connection "test.orderwave.not_null_stg_orders_total_amount.f31d98d41b"
[0m16:32:51.720545 [debug] [Thread-1 (]: On test.orderwave.not_null_stg_orders_total_amount.f31d98d41b: /* {"app": "dbt", "dbt_version": "1.7.0", "profile_name": "orderwave", "target_name": "dev", "node_id": "test.orderwave.not_null_stg_orders_total_amount.f31d98d41b"} */
select
      count(*) as failures,
      count(*) != 0 as should_warn,
      count(*) != 0 as should_error
    from (
      
    
    



select total_amount
from "orderwave_db"."marts_staging"."stg_orders"
where total_amount is null



      
    ) dbt_internal_test
[0m16:32:51.725540 [debug] [Thread-1 (]: SQL status: SELECT 1 in 0.0 seconds
[0m16:32:51.728431 [debug] [Thread-1 (]: Timing info for test.orderwave.not_null_stg_orders_total_amount.f31d98d41b (execute): 16:32:51.668251 => 16:32:51.728431
[0m16:32:51.730994 [debug] [Thread-1 (]: On test.orderwave.not_null_stg_orders_total_amount.f31d98d41b: ROLLBACK
[0m16:32:51.735806 [debug] [Thread-1 (]: On test.orderwave.not_null_stg_orders_total_amount.f31d98d41b: Close
[0m16:32:51.739220 [info ] [Thread-1 (]: 5 of 8 PASS not_null_stg_orders_total_amount ................................... [[32mPASS[0m in 0.10s]
[0m16:32:51.742764 [debug] [Thread-1 (]: Finished running node test.orderwave.not_null_stg_orders_total_amount.f31d98d41b
[0m16:32:51.745320 [debug] [Thread-1 (]: Began running node test.orderwave.not_null_stg_products_product_id.6373b0acf3
[0m16:32:51.746421 [info ] [Thread-1 (]: 6 of 8 START test not_null_stg_products_product_id ............................. [RUN]
[0m16:32:51.750254 [debug] [Thread-1 (]: Re-using an available connection from the pool (formerly test.orderwave.not_null_stg_orders_total_amount.f31d98d41b, now test.orderwave.not_null_stg_products_product_id.6373b0acf3)
[0m16:32:51.752273 [debug] [Thread-1 (]: Began compiling node test.orderwave.not_null_stg_products_product_id.6373b0acf3
[0m16:32:51.767868 [debug] [Thread-1 (]: Writing injected SQL for node "test.orderwave.not_null_stg_products_product_id.6373b0acf3"
[0m16:32:51.767868 [debug] [Thread-1 (]: Timing info for test.orderwave.not_null_stg_products_product_id.6373b0acf3 (compile): 16:32:51.752273 => 16:32:51.767868
[0m16:32:51.767868 [debug] [Thread-1 (]: Began executing node test.orderwave.not_null_stg_products_product_id.6373b0acf3
[0m16:32:51.775754 [debug] [Thread-1 (]: Writing runtime sql for node "test.orderwave.not_null_stg_products_product_id.6373b0acf3"
[0m16:32:51.780967 [debug] [Thread-1 (]: Using postgres connection "test.orderwave.not_null_stg_products_product_id.6373b0acf3"
[0m16:32:51.780967 [debug] [Thread-1 (]: On test.orderwave.not_null_stg_products_product_id.6373b0acf3: BEGIN
[0m16:32:51.785648 [debug] [Thread-1 (]: Opening a new connection, currently in state closed
[0m16:32:51.818032 [debug] [Thread-1 (]: SQL status: BEGIN in 0.0 seconds
[0m16:32:51.820321 [debug] [Thread-1 (]: Using postgres connection "test.orderwave.not_null_stg_products_product_id.6373b0acf3"
[0m16:32:51.821959 [debug] [Thread-1 (]: On test.orderwave.not_null_stg_products_product_id.6373b0acf3: /* {"app": "dbt", "dbt_version": "1.7.0", "profile_name": "orderwave", "target_name": "dev", "node_id": "test.orderwave.not_null_stg_products_product_id.6373b0acf3"} */
select
      count(*) as failures,
      count(*) != 0 as should_warn,
      count(*) != 0 as should_error
    from (
      
    
    



select product_id
from "orderwave_db"."marts_staging"."stg_products"
where product_id is null



      
    ) dbt_internal_test
[0m16:32:51.827000 [debug] [Thread-1 (]: SQL status: SELECT 1 in 0.0 seconds
[0m16:32:51.831108 [debug] [Thread-1 (]: Timing info for test.orderwave.not_null_stg_products_product_id.6373b0acf3 (execute): 16:32:51.767868 => 16:32:51.831108
[0m16:32:51.831108 [debug] [Thread-1 (]: On test.orderwave.not_null_stg_products_product_id.6373b0acf3: ROLLBACK
[0m16:32:51.837106 [debug] [Thread-1 (]: On test.orderwave.not_null_stg_products_product_id.6373b0acf3: Close
[0m16:32:51.840489 [info ] [Thread-1 (]: 6 of 8 PASS not_null_stg_products_product_id ................................... [[32mPASS[0m in 0.09s]
[0m16:32:51.844512 [debug] [Thread-1 (]: Finished running node test.orderwave.not_null_stg_products_product_id.6373b0acf3
[0m16:32:51.847588 [debug] [Thread-1 (]: Began running node test.orderwave.unique_stg_orders_order_id.e3b841c71a
[0m16:32:51.850286 [info ] [Thread-1 (]: 7 of 8 START test unique_stg_orders_order_id ................................... [RUN]
[0m16:32:51.854020 [debug] [Thread-1 (]: Re-using an available connection from the pool (formerly test.orderwave.not_null_stg_products_product_id.6373b0acf3, now test.orderwave.unique_stg_orders_order_id.e3b841c71a)
[0m16:32:51.855541 [debug] [Thread-1 (]: Began compiling node test.orderwave.unique_stg_orders_order_id.e3b841c71a
[0m16:32:51.879644 [debug] [Thread-1 (]: Writing injected SQL for node "test.orderwave.unique_stg_orders_order_id.e3b841c71a"
[0m16:32:51.887041 [debug] [Thread-1 (]: Timing info for test.orderwave.unique_stg_orders_order_id.e3b841c71a (compile): 16:32:51.857536 => 16:32:51.885964
[0m16:32:51.887041 [debug] [Thread-1 (]: Began executing node test.orderwave.unique_stg_orders_order_id.e3b841c71a
[0m16:32:51.893174 [debug] [Thread-1 (]: Writing runtime sql for node "test.orderwave.unique_stg_orders_order_id.e3b841c71a"
[0m16:32:51.896266 [debug] [Thread-1 (]: Using postgres connection "test.orderwave.unique_stg_orders_order_id.e3b841c71a"
[0m16:32:51.896266 [debug] [Thread-1 (]: On test.orderwave.unique_stg_orders_order_id.e3b841c71a: BEGIN
[0m16:32:51.896266 [debug] [Thread-1 (]: Opening a new connection, currently in state closed
[0m16:32:51.932437 [debug] [Thread-1 (]: SQL status: BEGIN in 0.0 seconds
[0m16:32:51.934774 [debug] [Thread-1 (]: Using postgres connection "test.orderwave.unique_stg_orders_order_id.e3b841c71a"
[0m16:32:51.936420 [debug] [Thread-1 (]: On test.orderwave.unique_stg_orders_order_id.e3b841c71a: /* {"app": "dbt", "dbt_version": "1.7.0", "profile_name": "orderwave", "target_name": "dev", "node_id": "test.orderwave.unique_stg_orders_order_id.e3b841c71a"} */
select
      count(*) as failures,
      count(*) != 0 as should_warn,
      count(*) != 0 as should_error
    from (
      
    
    

select
    order_id as unique_field,
    count(*) as n_records

from "orderwave_db"."marts_staging"."stg_orders"
where order_id is not null
group by order_id
having count(*) > 1



      
    ) dbt_internal_test
[0m16:32:51.942890 [debug] [Thread-1 (]: SQL status: SELECT 1 in 0.0 seconds
[0m16:32:51.946832 [debug] [Thread-1 (]: Timing info for test.orderwave.unique_stg_orders_order_id.e3b841c71a (execute): 16:32:51.887041 => 16:32:51.946264
[0m16:32:51.947950 [debug] [Thread-1 (]: On test.orderwave.unique_stg_orders_order_id.e3b841c71a: ROLLBACK
[0m16:32:51.951791 [debug] [Thread-1 (]: On test.orderwave.unique_stg_orders_order_id.e3b841c71a: Close
[0m16:32:51.955115 [info ] [Thread-1 (]: 7 of 8 PASS unique_stg_orders_order_id ......................................... [[32mPASS[0m in 0.10s]
[0m16:32:51.958356 [debug] [Thread-1 (]: Finished running node test.orderwave.unique_stg_orders_order_id.e3b841c71a
[0m16:32:51.959606 [debug] [Thread-1 (]: Began running node test.orderwave.unique_stg_products_product_id.7d950a1467
[0m16:32:51.960681 [info ] [Thread-1 (]: 8 of 8 START test unique_stg_products_product_id ............................... [RUN]
[0m16:32:51.964123 [debug] [Thread-1 (]: Re-using an available connection from the pool (formerly test.orderwave.unique_stg_orders_order_id.e3b841c71a, now test.orderwave.unique_stg_products_product_id.7d950a1467)
[0m16:32:51.965668 [debug] [Thread-1 (]: Began compiling node test.orderwave.unique_stg_products_product_id.7d950a1467
[0m16:32:51.975779 [debug] [Thread-1 (]: Writing injected SQL for node "test.orderwave.unique_stg_products_product_id.7d950a1467"
[0m16:32:51.981755 [debug] [Thread-1 (]: Timing info for test.orderwave.unique_stg_products_product_id.7d950a1467 (compile): 16:32:51.968156 => 16:32:51.980456
[0m16:32:51.981755 [debug] [Thread-1 (]: Began executing node test.orderwave.unique_stg_products_product_id.7d950a1467
[0m16:32:51.986549 [debug] [Thread-1 (]: Writing runtime sql for node "test.orderwave.unique_stg_products_product_id.7d950a1467"
[0m16:32:51.991235 [debug] [Thread-1 (]: Using postgres connection "test.orderwave.unique_stg_products_product_id.7d950a1467"
[0m16:32:51.991235 [debug] [Thread-1 (]: On test.orderwave.unique_stg_products_product_id.7d950a1467: BEGIN
[0m16:32:51.991235 [debug] [Thread-1 (]: Opening a new connection, currently in state closed
[0m16:32:52.025401 [debug] [Thread-1 (]: SQL status: BEGIN in 0.0 seconds
[0m16:32:52.027079 [debug] [Thread-1 (]: Using postgres connection "test.orderwave.unique_stg_products_product_id.7d950a1467"
[0m16:32:52.028844 [debug] [Thread-1 (]: On test.orderwave.unique_stg_products_product_id.7d950a1467: /* {"app": "dbt", "dbt_version": "1.7.0", "profile_name": "orderwave", "target_name": "dev", "node_id": "test.orderwave.unique_stg_products_product_id.7d950a1467"} */
select
      count(*) as failures,
      count(*) != 0 as should_warn,
      count(*) != 0 as should_error
    from (
      
    
    

select
    product_id as unique_field,
    count(*) as n_records

from "orderwave_db"."marts_staging"."stg_products"
where product_id is not null
group by product_id
having count(*) > 1



      
    ) dbt_internal_test
[0m16:32:52.034466 [debug] [Thread-1 (]: SQL status: SELECT 1 in 0.0 seconds
[0m16:32:52.036970 [debug] [Thread-1 (]: Timing info for test.orderwave.unique_stg_products_product_id.7d950a1467 (execute): 16:32:51.981755 => 16:32:52.036970
[0m16:32:52.036970 [debug] [Thread-1 (]: On test.orderwave.unique_stg_products_product_id.7d950a1467: ROLLBACK
[0m16:32:52.044099 [debug] [Thread-1 (]: On test.orderwave.unique_stg_products_product_id.7d950a1467: Close
[0m16:32:52.046958 [info ] [Thread-1 (]: 8 of 8 PASS unique_stg_products_product_id ..................................... [[32mPASS[0m in 0.08s]
[0m16:32:52.050045 [debug] [Thread-1 (]: Finished running node test.orderwave.unique_stg_products_product_id.7d950a1467
[0m16:32:52.053958 [debug] [MainThread]: Using postgres connection "master"
[0m16:32:52.055561 [debug] [MainThread]: On master: BEGIN
[0m16:32:52.057342 [debug] [MainThread]: Opening a new connection, currently in state closed
[0m16:32:52.091151 [debug] [MainThread]: SQL status: BEGIN in 0.0 seconds
[0m16:32:52.093024 [debug] [MainThread]: On master: COMMIT
[0m16:32:52.094254 [debug] [MainThread]: Using postgres connection "master"
[0m16:32:52.094813 [debug] [MainThread]: On master: COMMIT
[0m16:32:52.098987 [debug] [MainThread]: SQL status: COMMIT in 0.0 seconds
[0m16:32:52.100111 [debug] [MainThread]: On master: Close
[0m16:32:52.102349 [debug] [MainThread]: Connection 'master' was properly closed.
[0m16:32:52.102349 [debug] [MainThread]: Connection 'list_orderwave_db_marts_staging' was properly closed.
[0m16:32:52.102349 [debug] [MainThread]: Connection 'test.orderwave.unique_stg_products_product_id.7d950a1467' was properly closed.
[0m16:32:52.107402 [info ] [MainThread]: 
[0m16:32:52.109689 [info ] [MainThread]: Finished running 8 tests in 0 hours 0 minutes and 1.35 seconds (1.35s).
[0m16:32:52.115371 [debug] [MainThread]: Command end result
[0m16:32:52.133686 [info ] [MainThread]: 
[0m16:32:52.135700 [info ] [MainThread]: [32mCompleted successfully[0m
[0m16:32:52.138969 [info ] [MainThread]: 
[0m16:32:52.139482 [info ] [MainThread]: Done. PASS=8 WARN=0 ERROR=0 SKIP=0 TOTAL=8
[0m16:32:52.143165 [debug] [MainThread]: Command `dbt test` succeeded at 16:32:52.143165 after 2.71 seconds
[0m16:32:52.143165 [debug] [MainThread]: Sending event: {'category': 'dbt', 'action': 'invocation', 'label': 'end', 'context': [<snowplow_tracker.self_describing_json.SelfDescribingJson object at 0x00000288B5845650>, <snowplow_tracker.self_describing_json.SelfDescribingJson object at 0x00000288BDE19690>, <snowplow_tracker.self_describing_json.SelfDescribingJson object at 0x00000288BDE19590>]}
[0m16:32:52.145731 [debug] [MainThread]: Flushing usage events
[0m17:35:20.746453 [debug] [MainThread]: Sending event: {'category': 'dbt', 'action': 'invocation', 'label': 'start', 'context': [<snowplow_tracker.self_describing_json.SelfDescribingJson object at 0x000001FC0DB73A10>, <snowplow_tracker.self_describing_json.SelfDescribingJson object at 0x000001FC0DB70B90>, <snowplow_tracker.self_describing_json.SelfDescribingJson object at 0x000001FC0DEE4C10>]}


============================== 17:35:20.756243 | b68d3c6c-282c-4690-b9ff-2b316e190801 ==============================
[0m17:35:20.756243 [info ] [MainThread]: Running with dbt=1.7.0
[0m17:35:20.764694 [debug] [MainThread]: running dbt with arguments {'use_colors': 'True', 'use_experimental_parser': 'False', 'profiles_dir': 'C:\\Users\\nagzz\\.dbt', 'printer_width': '80', 'introspect': 'True', 'log_format': 'default', 'partial_parse': 'True', 'warn_error_options': 'WarnErrorOptions(include=[], exclude=[])', 'log_cache_events': 'False', 'no_print': 'None', 'quiet': 'False', 'target_path': 'None', 'indirect_selection': 'eager', 'warn_error': 'None', 'debug': 'False', 'static_parser': 'True', 'send_anonymous_usage_stats': 'True', 'version_check': 'True', 'invocation_command': 'dbt run', 'cache_selected_only': 'False', 'log_path': 'E:\\OrderWave\\dbt_project\\logs', 'write_json': 'True', 'fail_fast': 'False'}
[0m17:35:21.351988 [debug] [MainThread]: Sending event: {'category': 'dbt', 'action': 'project_id', 'label': 'b68d3c6c-282c-4690-b9ff-2b316e190801', 'context': [<snowplow_tracker.self_describing_json.SelfDescribingJson object at 0x000001FC0F365590>]}
[0m17:35:21.811404 [debug] [MainThread]: Sending event: {'category': 'dbt', 'action': 'adapter_info', 'label': 'b68d3c6c-282c-4690-b9ff-2b316e190801', 'context': [<snowplow_tracker.self_describing_json.SelfDescribingJson object at 0x000001FC0DC0D450>]}
[0m17:35:21.819378 [info ] [MainThread]: Registered adapter: postgres=1.7.0
[0m17:35:21.849699 [debug] [MainThread]: checksum: 8434eacd4ffdf0ca3ab22bf0e2d55b45306c9599613e842b959405abc489e606, vars: {}, profile: , target: , version: 1.7.0
[0m17:35:21.879526 [info ] [MainThread]: Unable to do partial parsing because profile has changed
[0m17:35:21.882816 [debug] [MainThread]: Sending event: {'category': 'dbt', 'action': 'partial_parser', 'label': 'b68d3c6c-282c-4690-b9ff-2b316e190801', 'context': [<snowplow_tracker.self_describing_json.SelfDescribingJson object at 0x000001FC0DB82110>]}
[0m17:35:24.856469 [debug] [MainThread]: Sending event: {'category': 'dbt', 'action': 'load_project', 'label': 'b68d3c6c-282c-4690-b9ff-2b316e190801', 'context': [<snowplow_tracker.self_describing_json.SelfDescribingJson object at 0x000001FC0F677650>]}
[0m17:35:24.893863 [debug] [MainThread]: Sending event: {'category': 'dbt', 'action': 'resource_counts', 'label': 'b68d3c6c-282c-4690-b9ff-2b316e190801', 'context': [<snowplow_tracker.self_describing_json.SelfDescribingJson object at 0x000001FC0F6CE590>]}
[0m17:35:24.898551 [info ] [MainThread]: Found 7 models, 8 tests, 0 sources, 0 exposures, 0 metrics, 401 macros, 0 groups, 0 semantic models
[0m17:35:24.898551 [debug] [MainThread]: Sending event: {'category': 'dbt', 'action': 'runnable_timing', 'label': 'b68d3c6c-282c-4690-b9ff-2b316e190801', 'context': [<snowplow_tracker.self_describing_json.SelfDescribingJson object at 0x000001FC0F6C51D0>]}
[0m17:35:24.905258 [info ] [MainThread]: 
[0m17:35:24.908865 [debug] [MainThread]: Acquiring new postgres connection 'master'
[0m17:35:24.916438 [debug] [ThreadPool]: Acquiring new postgres connection 'list_postgres'
[0m17:35:24.941622 [debug] [ThreadPool]: Using postgres connection "list_postgres"
[0m17:35:24.945626 [debug] [ThreadPool]: On list_postgres: /* {"app": "dbt", "dbt_version": "1.7.0", "profile_name": "orderwave", "target_name": "dev", "connection_name": "list_postgres"} */

    select distinct nspname from pg_namespace
  
[0m17:35:24.946640 [debug] [ThreadPool]: Opening a new connection, currently in state init
[0m17:35:27.646603 [debug] [ThreadPool]: SQL status: SELECT 15 in 3.0 seconds
[0m17:35:27.653541 [debug] [ThreadPool]: On list_postgres: Close
[0m17:35:27.666727 [debug] [ThreadPool]: Using postgres connection "list_postgres"
[0m17:35:27.669487 [debug] [ThreadPool]: On list_postgres: /* {"app": "dbt", "dbt_version": "1.7.0", "profile_name": "orderwave", "target_name": "dev", "connection_name": "list_postgres"} */

    select distinct nspname from pg_namespace
  
[0m17:35:27.670710 [debug] [ThreadPool]: Opening a new connection, currently in state closed
[0m17:35:29.814711 [debug] [ThreadPool]: SQL status: SELECT 15 in 2.0 seconds
[0m17:35:29.822418 [debug] [ThreadPool]: On list_postgres: Close
[0m17:35:29.829961 [debug] [ThreadPool]: Acquiring new postgres connection 'list_postgres_marts_marts'
[0m17:35:29.854024 [debug] [ThreadPool]: Using postgres connection "list_postgres_marts_marts"
[0m17:35:29.855720 [debug] [ThreadPool]: On list_postgres_marts_marts: BEGIN
[0m17:35:29.856916 [debug] [ThreadPool]: Opening a new connection, currently in state init
[0m17:35:32.046380 [debug] [ThreadPool]: SQL status: BEGIN in 2.0 seconds
[0m17:35:32.051987 [debug] [ThreadPool]: Using postgres connection "list_postgres_marts_marts"
[0m17:35:32.052501 [debug] [ThreadPool]: On list_postgres_marts_marts: /* {"app": "dbt", "dbt_version": "1.7.0", "profile_name": "orderwave", "target_name": "dev", "connection_name": "list_postgres_marts_marts"} */
select
      'postgres' as database,
      tablename as name,
      schemaname as schema,
      'table' as type
    from pg_tables
    where schemaname ilike 'marts_marts'
    union all
    select
      'postgres' as database,
      viewname as name,
      schemaname as schema,
      'view' as type
    from pg_views
    where schemaname ilike 'marts_marts'
    union all
    select
      'postgres' as database,
      matviewname as name,
      schemaname as schema,
      'materialized_view' as type
    from pg_matviews
    where schemaname ilike 'marts_marts'
  
[0m17:35:32.274867 [debug] [ThreadPool]: SQL status: SELECT 0 in 0.0 seconds
[0m17:35:32.280170 [debug] [ThreadPool]: On list_postgres_marts_marts: ROLLBACK
[0m17:35:32.466495 [debug] [ThreadPool]: On list_postgres_marts_marts: Close
[0m17:35:32.472503 [debug] [ThreadPool]: Re-using an available connection from the pool (formerly list_postgres_marts_marts, now list_postgres_marts_staging)
[0m17:35:32.476534 [debug] [ThreadPool]: Using postgres connection "list_postgres_marts_staging"
[0m17:35:32.479733 [debug] [ThreadPool]: On list_postgres_marts_staging: BEGIN
[0m17:35:32.481760 [debug] [ThreadPool]: Opening a new connection, currently in state closed
[0m17:35:34.918517 [debug] [ThreadPool]: SQL status: BEGIN in 2.0 seconds
[0m17:35:34.920551 [debug] [ThreadPool]: Using postgres connection "list_postgres_marts_staging"
[0m17:35:34.923629 [debug] [ThreadPool]: On list_postgres_marts_staging: /* {"app": "dbt", "dbt_version": "1.7.0", "profile_name": "orderwave", "target_name": "dev", "connection_name": "list_postgres_marts_staging"} */
select
      'postgres' as database,
      tablename as name,
      schemaname as schema,
      'table' as type
    from pg_tables
    where schemaname ilike 'marts_staging'
    union all
    select
      'postgres' as database,
      viewname as name,
      schemaname as schema,
      'view' as type
    from pg_views
    where schemaname ilike 'marts_staging'
    union all
    select
      'postgres' as database,
      matviewname as name,
      schemaname as schema,
      'materialized_view' as type
    from pg_matviews
    where schemaname ilike 'marts_staging'
  
[0m17:35:35.217402 [debug] [ThreadPool]: SQL status: SELECT 0 in 0.0 seconds
[0m17:35:35.228510 [debug] [ThreadPool]: On list_postgres_marts_staging: ROLLBACK
[0m17:35:35.529553 [debug] [ThreadPool]: On list_postgres_marts_staging: Close
[0m17:35:35.545067 [debug] [MainThread]: Using postgres connection "master"
[0m17:35:35.546736 [debug] [MainThread]: On master: BEGIN
[0m17:35:35.548804 [debug] [MainThread]: Opening a new connection, currently in state init
[0m17:35:37.886390 [debug] [MainThread]: SQL status: BEGIN in 2.0 seconds
[0m17:35:37.886390 [debug] [MainThread]: Using postgres connection "master"
[0m17:35:37.891936 [debug] [MainThread]: On master: /* {"app": "dbt", "dbt_version": "1.7.0", "profile_name": "orderwave", "target_name": "dev", "connection_name": "master"} */
with relation as (
        select
            pg_rewrite.ev_class as class,
            pg_rewrite.oid as id
        from pg_rewrite
    ),
    class as (
        select
            oid as id,
            relname as name,
            relnamespace as schema,
            relkind as kind
        from pg_class
    ),
    dependency as (
        select distinct
            pg_depend.objid as id,
            pg_depend.refobjid as ref
        from pg_depend
    ),
    schema as (
        select
            pg_namespace.oid as id,
            pg_namespace.nspname as name
        from pg_namespace
        where nspname != 'information_schema' and nspname not like 'pg\_%'
    ),
    referenced as (
        select
            relation.id AS id,
            referenced_class.name ,
            referenced_class.schema ,
            referenced_class.kind
        from relation
        join class as referenced_class on relation.class=referenced_class.id
        where referenced_class.kind in ('r', 'v', 'm')
    ),
    relationships as (
        select
            referenced.name as referenced_name,
            referenced.schema as referenced_schema_id,
            dependent_class.name as dependent_name,
            dependent_class.schema as dependent_schema_id,
            referenced.kind as kind
        from referenced
        join dependency on referenced.id=dependency.id
        join class as dependent_class on dependency.ref=dependent_class.id
        where
            (referenced.name != dependent_class.name or
             referenced.schema != dependent_class.schema)
    )

    select
        referenced_schema.name as referenced_schema,
        relationships.referenced_name as referenced_name,
        dependent_schema.name as dependent_schema,
        relationships.dependent_name as dependent_name
    from relationships
    join schema as dependent_schema on relationships.dependent_schema_id=dependent_schema.id
    join schema as referenced_schema on relationships.referenced_schema_id=referenced_schema.id
    group by referenced_schema, referenced_name, dependent_schema, dependent_name
    order by referenced_schema, referenced_name, dependent_schema, dependent_name;
[0m17:35:38.090058 [debug] [MainThread]: SQL status: SELECT 1 in 0.0 seconds
[0m17:35:38.096566 [debug] [MainThread]: Sending event: {'category': 'dbt', 'action': 'runnable_timing', 'label': 'b68d3c6c-282c-4690-b9ff-2b316e190801', 'context': [<snowplow_tracker.self_describing_json.SelfDescribingJson object at 0x000001FC0F5ABF90>]}
[0m17:35:38.099409 [debug] [MainThread]: On master: ROLLBACK
[0m17:35:38.396975 [debug] [MainThread]: Using postgres connection "master"
[0m17:35:38.396975 [debug] [MainThread]: On master: BEGIN
[0m17:35:39.361451 [debug] [MainThread]: SQL status: BEGIN in 1.0 seconds
[0m17:35:39.364518 [debug] [MainThread]: On master: COMMIT
[0m17:35:39.366633 [debug] [MainThread]: Using postgres connection "master"
[0m17:35:39.371280 [debug] [MainThread]: On master: COMMIT
[0m17:35:39.753240 [debug] [MainThread]: SQL status: COMMIT in 0.0 seconds
[0m17:35:39.758129 [debug] [MainThread]: On master: Close
[0m17:35:39.766433 [info ] [MainThread]: Concurrency: 1 threads (target='dev')
[0m17:35:39.769073 [info ] [MainThread]: 
[0m17:35:39.779081 [debug] [Thread-1 (]: Began running node model.orderwave.stg_inventory
[0m17:35:39.789809 [info ] [Thread-1 (]: 1 of 7 START sql view model marts_staging.stg_inventory ........................ [RUN]
[0m17:35:39.803697 [debug] [Thread-1 (]: Acquiring new postgres connection 'model.orderwave.stg_inventory'
[0m17:35:39.831025 [debug] [Thread-1 (]: Began compiling node model.orderwave.stg_inventory
[0m17:35:39.854712 [debug] [Thread-1 (]: Writing injected SQL for node "model.orderwave.stg_inventory"
[0m17:35:39.861450 [debug] [Thread-1 (]: Timing info for model.orderwave.stg_inventory (compile): 17:35:39.834968 => 17:35:39.859437
[0m17:35:39.863468 [debug] [Thread-1 (]: Began executing node model.orderwave.stg_inventory
[0m17:35:40.003473 [debug] [Thread-1 (]: Writing runtime sql for node "model.orderwave.stg_inventory"
[0m17:35:40.008570 [debug] [Thread-1 (]: Using postgres connection "model.orderwave.stg_inventory"
[0m17:35:40.010586 [debug] [Thread-1 (]: On model.orderwave.stg_inventory: BEGIN
[0m17:35:40.013131 [debug] [Thread-1 (]: Opening a new connection, currently in state init
[0m17:35:43.238845 [debug] [Thread-1 (]: SQL status: BEGIN in 3.0 seconds
[0m17:35:43.240859 [debug] [Thread-1 (]: Using postgres connection "model.orderwave.stg_inventory"
[0m17:35:43.242874 [debug] [Thread-1 (]: On model.orderwave.stg_inventory: /* {"app": "dbt", "dbt_version": "1.7.0", "profile_name": "orderwave", "target_name": "dev", "node_id": "model.orderwave.stg_inventory"} */

  create view "postgres"."marts_staging"."stg_inventory__dbt_tmp"
    
    
  as (
    SELECT
    product_id,
    warehouse_id,
    warehouse_name,
    stock_quantity,
    reorder_level,
    last_updated::date AS last_updated,
    CASE WHEN stock_quantity < reorder_level THEN true ELSE false END AS is_low_stock,
    ingested_at
FROM raw.inventory
WHERE product_id IS NOT NULL
  );
[0m17:35:43.479818 [debug] [Thread-1 (]: SQL status: CREATE VIEW in 0.0 seconds
[0m17:35:43.503412 [debug] [Thread-1 (]: Using postgres connection "model.orderwave.stg_inventory"
[0m17:35:43.505425 [debug] [Thread-1 (]: On model.orderwave.stg_inventory: /* {"app": "dbt", "dbt_version": "1.7.0", "profile_name": "orderwave", "target_name": "dev", "node_id": "model.orderwave.stg_inventory"} */
alter table "postgres"."marts_staging"."stg_inventory__dbt_tmp" rename to "stg_inventory"
[0m17:35:43.821290 [debug] [Thread-1 (]: SQL status: ALTER TABLE in 0.0 seconds
[0m17:35:43.868680 [debug] [Thread-1 (]: On model.orderwave.stg_inventory: COMMIT
[0m17:35:43.870692 [debug] [Thread-1 (]: Using postgres connection "model.orderwave.stg_inventory"
[0m17:35:43.872710 [debug] [Thread-1 (]: On model.orderwave.stg_inventory: COMMIT
[0m17:35:44.262732 [debug] [Thread-1 (]: SQL status: COMMIT in 0.0 seconds
[0m17:35:44.286397 [debug] [Thread-1 (]: Applying DROP to: "postgres"."marts_staging"."stg_inventory__dbt_backup"
[0m17:35:44.306399 [debug] [Thread-1 (]: Using postgres connection "model.orderwave.stg_inventory"
[0m17:35:44.308469 [debug] [Thread-1 (]: On model.orderwave.stg_inventory: /* {"app": "dbt", "dbt_version": "1.7.0", "profile_name": "orderwave", "target_name": "dev", "node_id": "model.orderwave.stg_inventory"} */
drop view if exists "postgres"."marts_staging"."stg_inventory__dbt_backup" cascade
[0m17:35:44.543181 [debug] [Thread-1 (]: SQL status: DROP VIEW in 0.0 seconds
[0m17:35:44.549282 [debug] [Thread-1 (]: Timing info for model.orderwave.stg_inventory (execute): 17:35:39.866505 => 17:35:44.549282
[0m17:35:44.551301 [debug] [Thread-1 (]: On model.orderwave.stg_inventory: Close
[0m17:35:44.553317 [debug] [Thread-1 (]: Sending event: {'category': 'dbt', 'action': 'run_model', 'label': 'b68d3c6c-282c-4690-b9ff-2b316e190801', 'context': [<snowplow_tracker.self_describing_json.SelfDescribingJson object at 0x000001FC0F840190>]}
[0m17:35:44.556355 [info ] [Thread-1 (]: 1 of 7 OK created sql view model marts_staging.stg_inventory ................... [[32mCREATE VIEW[0m in 4.75s]
[0m17:35:44.561005 [debug] [Thread-1 (]: Finished running node model.orderwave.stg_inventory
[0m17:35:44.561005 [debug] [Thread-1 (]: Began running node model.orderwave.stg_orders
[0m17:35:44.566818 [info ] [Thread-1 (]: 2 of 7 START sql view model marts_staging.stg_orders ........................... [RUN]
[0m17:35:44.569573 [debug] [Thread-1 (]: Re-using an available connection from the pool (formerly model.orderwave.stg_inventory, now model.orderwave.stg_orders)
[0m17:35:44.571589 [debug] [Thread-1 (]: Began compiling node model.orderwave.stg_orders
[0m17:35:44.580663 [debug] [Thread-1 (]: Writing injected SQL for node "model.orderwave.stg_orders"
[0m17:35:44.591296 [debug] [Thread-1 (]: Timing info for model.orderwave.stg_orders (compile): 17:35:44.574034 => 17:35:44.589888
[0m17:35:44.596270 [debug] [Thread-1 (]: Began executing node model.orderwave.stg_orders
[0m17:35:44.616508 [debug] [Thread-1 (]: Writing runtime sql for node "model.orderwave.stg_orders"
[0m17:35:44.622393 [debug] [Thread-1 (]: Using postgres connection "model.orderwave.stg_orders"
[0m17:35:44.624565 [debug] [Thread-1 (]: On model.orderwave.stg_orders: BEGIN
[0m17:35:44.628434 [debug] [Thread-1 (]: Opening a new connection, currently in state closed
[0m17:35:47.410437 [debug] [Thread-1 (]: SQL status: BEGIN in 3.0 seconds
[0m17:35:47.412447 [debug] [Thread-1 (]: Using postgres connection "model.orderwave.stg_orders"
[0m17:35:47.412447 [debug] [Thread-1 (]: On model.orderwave.stg_orders: /* {"app": "dbt", "dbt_version": "1.7.0", "profile_name": "orderwave", "target_name": "dev", "node_id": "model.orderwave.stg_orders"} */

  create view "postgres"."marts_staging"."stg_orders__dbt_tmp"
    
    
  as (
    SELECT
    order_id,
    customer_id,
    customer_name,
    customer_email,
    product_id,
    quantity,
    unit_price,
    total_amount,
    order_status,
    order_date::date AS order_date,
    city,
    state,
    ingested_at
FROM raw.orders
WHERE order_id IS NOT NULL
  );
[0m17:35:47.828157 [debug] [Thread-1 (]: SQL status: CREATE VIEW in 0.0 seconds
[0m17:35:47.841070 [debug] [Thread-1 (]: Using postgres connection "model.orderwave.stg_orders"
[0m17:35:47.844140 [debug] [Thread-1 (]: On model.orderwave.stg_orders: /* {"app": "dbt", "dbt_version": "1.7.0", "profile_name": "orderwave", "target_name": "dev", "node_id": "model.orderwave.stg_orders"} */
alter table "postgres"."marts_staging"."stg_orders__dbt_tmp" rename to "stg_orders"
[0m17:35:48.126499 [debug] [Thread-1 (]: SQL status: ALTER TABLE in 0.0 seconds
[0m17:35:48.133223 [debug] [Thread-1 (]: On model.orderwave.stg_orders: COMMIT
[0m17:35:48.136260 [debug] [Thread-1 (]: Using postgres connection "model.orderwave.stg_orders"
[0m17:35:48.138318 [debug] [Thread-1 (]: On model.orderwave.stg_orders: COMMIT
[0m17:35:48.553499 [debug] [Thread-1 (]: SQL status: COMMIT in 0.0 seconds
[0m17:35:48.560633 [debug] [Thread-1 (]: Applying DROP to: "postgres"."marts_staging"."stg_orders__dbt_backup"
[0m17:35:48.564076 [debug] [Thread-1 (]: Using postgres connection "model.orderwave.stg_orders"
[0m17:35:48.564076 [debug] [Thread-1 (]: On model.orderwave.stg_orders: /* {"app": "dbt", "dbt_version": "1.7.0", "profile_name": "orderwave", "target_name": "dev", "node_id": "model.orderwave.stg_orders"} */
drop view if exists "postgres"."marts_staging"."stg_orders__dbt_backup" cascade
[0m17:35:48.748503 [debug] [Thread-1 (]: SQL status: DROP VIEW in 0.0 seconds
[0m17:35:48.754553 [debug] [Thread-1 (]: Timing info for model.orderwave.stg_orders (execute): 17:35:44.598201 => 17:35:48.752537
[0m17:35:48.756569 [debug] [Thread-1 (]: On model.orderwave.stg_orders: Close
[0m17:35:48.760348 [debug] [Thread-1 (]: Sending event: {'category': 'dbt', 'action': 'run_model', 'label': 'b68d3c6c-282c-4690-b9ff-2b316e190801', 'context': [<snowplow_tracker.self_describing_json.SelfDescribingJson object at 0x000001FC0F8D99D0>]}
[0m17:35:48.762364 [info ] [Thread-1 (]: 2 of 7 OK created sql view model marts_staging.stg_orders ...................... [[32mCREATE VIEW[0m in 4.19s]
[0m17:35:48.790105 [debug] [Thread-1 (]: Finished running node model.orderwave.stg_orders
[0m17:35:48.793948 [debug] [Thread-1 (]: Began running node model.orderwave.stg_products
[0m17:35:48.796590 [info ] [Thread-1 (]: 3 of 7 START sql view model marts_staging.stg_products ......................... [RUN]
[0m17:35:48.834603 [debug] [Thread-1 (]: Re-using an available connection from the pool (formerly model.orderwave.stg_orders, now model.orderwave.stg_products)
[0m17:35:48.839475 [debug] [Thread-1 (]: Began compiling node model.orderwave.stg_products
[0m17:35:48.846510 [debug] [Thread-1 (]: Writing injected SQL for node "model.orderwave.stg_products"
[0m17:35:48.850348 [debug] [Thread-1 (]: Timing info for model.orderwave.stg_products (compile): 17:35:48.841148 => 17:35:48.850348
[0m17:35:48.853377 [debug] [Thread-1 (]: Began executing node model.orderwave.stg_products
[0m17:35:48.881699 [debug] [Thread-1 (]: Writing runtime sql for node "model.orderwave.stg_products"
[0m17:35:48.896662 [debug] [Thread-1 (]: Using postgres connection "model.orderwave.stg_products"
[0m17:35:48.908347 [debug] [Thread-1 (]: On model.orderwave.stg_products: BEGIN
[0m17:35:48.912373 [debug] [Thread-1 (]: Opening a new connection, currently in state closed
[0m17:35:51.608915 [debug] [Thread-1 (]: SQL status: BEGIN in 3.0 seconds
[0m17:35:51.612848 [debug] [Thread-1 (]: Using postgres connection "model.orderwave.stg_products"
[0m17:35:51.614404 [debug] [Thread-1 (]: On model.orderwave.stg_products: /* {"app": "dbt", "dbt_version": "1.7.0", "profile_name": "orderwave", "target_name": "dev", "node_id": "model.orderwave.stg_products"} */

  create view "postgres"."marts_staging"."stg_products__dbt_tmp"
    
    
  as (
    SELECT
    product_id,
    product_name,
    category,
    sub_category,
    brand,
    unit_price,
    cost_price,
    ingested_at
FROM raw.products
WHERE product_id IS NOT NULL
  );
[0m17:35:51.798211 [debug] [Thread-1 (]: SQL status: CREATE VIEW in 0.0 seconds
[0m17:35:51.810948 [debug] [Thread-1 (]: Using postgres connection "model.orderwave.stg_products"
[0m17:35:51.812964 [debug] [Thread-1 (]: On model.orderwave.stg_products: /* {"app": "dbt", "dbt_version": "1.7.0", "profile_name": "orderwave", "target_name": "dev", "node_id": "model.orderwave.stg_products"} */
alter table "postgres"."marts_staging"."stg_products__dbt_tmp" rename to "stg_products"
[0m17:35:52.112959 [debug] [Thread-1 (]: SQL status: ALTER TABLE in 0.0 seconds
[0m17:35:52.122526 [debug] [Thread-1 (]: On model.orderwave.stg_products: COMMIT
[0m17:35:52.124538 [debug] [Thread-1 (]: Using postgres connection "model.orderwave.stg_products"
[0m17:35:52.126578 [debug] [Thread-1 (]: On model.orderwave.stg_products: COMMIT
[0m17:35:53.559082 [debug] [Thread-1 (]: SQL status: COMMIT in 1.0 seconds
[0m17:35:53.572577 [debug] [Thread-1 (]: Applying DROP to: "postgres"."marts_staging"."stg_products__dbt_backup"
[0m17:35:53.579605 [debug] [Thread-1 (]: Using postgres connection "model.orderwave.stg_products"
[0m17:35:53.583641 [debug] [Thread-1 (]: On model.orderwave.stg_products: /* {"app": "dbt", "dbt_version": "1.7.0", "profile_name": "orderwave", "target_name": "dev", "node_id": "model.orderwave.stg_products"} */
drop view if exists "postgres"."marts_staging"."stg_products__dbt_backup" cascade
[0m17:35:55.083371 [debug] [Thread-1 (]: SQL status: DROP VIEW in 1.0 seconds
[0m17:35:55.089949 [debug] [Thread-1 (]: Timing info for model.orderwave.stg_products (execute): 17:35:48.853377 => 17:35:55.086267
[0m17:35:55.089949 [debug] [Thread-1 (]: On model.orderwave.stg_products: Close
[0m17:35:55.089949 [debug] [Thread-1 (]: Sending event: {'category': 'dbt', 'action': 'run_model', 'label': 'b68d3c6c-282c-4690-b9ff-2b316e190801', 'context': [<snowplow_tracker.self_describing_json.SelfDescribingJson object at 0x000001FC0F878E10>]}
[0m17:35:55.096645 [info ] [Thread-1 (]: 3 of 7 OK created sql view model marts_staging.stg_products .................... [[32mCREATE VIEW[0m in 6.26s]
[0m17:35:55.100929 [debug] [Thread-1 (]: Finished running node model.orderwave.stg_products
[0m17:35:55.103097 [debug] [Thread-1 (]: Began running node model.orderwave.dim_customers
[0m17:35:55.103097 [info ] [Thread-1 (]: 4 of 7 START sql table model marts_marts.dim_customers ......................... [RUN]
[0m17:35:55.106446 [debug] [Thread-1 (]: Re-using an available connection from the pool (formerly model.orderwave.stg_products, now model.orderwave.dim_customers)
[0m17:35:55.109359 [debug] [Thread-1 (]: Began compiling node model.orderwave.dim_customers
[0m17:35:55.118006 [debug] [Thread-1 (]: Writing injected SQL for node "model.orderwave.dim_customers"
[0m17:35:55.122364 [debug] [Thread-1 (]: Timing info for model.orderwave.dim_customers (compile): 17:35:55.111928 => 17:35:55.118893
[0m17:35:55.123452 [debug] [Thread-1 (]: Began executing node model.orderwave.dim_customers
[0m17:35:55.176701 [debug] [Thread-1 (]: Writing runtime sql for node "model.orderwave.dim_customers"
[0m17:35:55.176701 [debug] [Thread-1 (]: Using postgres connection "model.orderwave.dim_customers"
[0m17:35:55.182719 [debug] [Thread-1 (]: On model.orderwave.dim_customers: BEGIN
[0m17:35:55.182719 [debug] [Thread-1 (]: Opening a new connection, currently in state closed
[0m17:35:59.083436 [debug] [Thread-1 (]: SQL status: BEGIN in 4.0 seconds
[0m17:35:59.083436 [debug] [Thread-1 (]: Using postgres connection "model.orderwave.dim_customers"
[0m17:35:59.088512 [debug] [Thread-1 (]: On model.orderwave.dim_customers: /* {"app": "dbt", "dbt_version": "1.7.0", "profile_name": "orderwave", "target_name": "dev", "node_id": "model.orderwave.dim_customers"} */

  
    

  create  table "postgres"."marts_marts"."dim_customers__dbt_tmp"
  
  
    as
  
  (
    SELECT DISTINCT
    customer_id,
    customer_name,
    customer_email,
    city,
    state
FROM "postgres"."marts_staging"."stg_orders"
  );
  
[0m17:35:59.506276 [debug] [Thread-1 (]: SQL status: SELECT 27 in 0.0 seconds
[0m17:35:59.520773 [debug] [Thread-1 (]: Using postgres connection "model.orderwave.dim_customers"
[0m17:35:59.523839 [debug] [Thread-1 (]: On model.orderwave.dim_customers: /* {"app": "dbt", "dbt_version": "1.7.0", "profile_name": "orderwave", "target_name": "dev", "node_id": "model.orderwave.dim_customers"} */
alter table "postgres"."marts_marts"."dim_customers__dbt_tmp" rename to "dim_customers"
[0m17:35:59.757981 [debug] [Thread-1 (]: SQL status: ALTER TABLE in 0.0 seconds
[0m17:35:59.779076 [debug] [Thread-1 (]: On model.orderwave.dim_customers: COMMIT
[0m17:35:59.781085 [debug] [Thread-1 (]: Using postgres connection "model.orderwave.dim_customers"
[0m17:35:59.783093 [debug] [Thread-1 (]: On model.orderwave.dim_customers: COMMIT
[0m17:35:59.958454 [debug] [Thread-1 (]: SQL status: COMMIT in 0.0 seconds
[0m17:35:59.967822 [debug] [Thread-1 (]: Applying DROP to: "postgres"."marts_marts"."dim_customers__dbt_backup"
[0m17:35:59.982788 [debug] [Thread-1 (]: Using postgres connection "model.orderwave.dim_customers"
[0m17:35:59.984800 [debug] [Thread-1 (]: On model.orderwave.dim_customers: /* {"app": "dbt", "dbt_version": "1.7.0", "profile_name": "orderwave", "target_name": "dev", "node_id": "model.orderwave.dim_customers"} */
drop table if exists "postgres"."marts_marts"."dim_customers__dbt_backup" cascade
[0m17:36:00.320393 [debug] [Thread-1 (]: SQL status: DROP TABLE in 0.0 seconds
[0m17:36:00.327800 [debug] [Thread-1 (]: Timing info for model.orderwave.dim_customers (execute): 17:35:55.126478 => 17:36:00.327800
[0m17:36:00.329827 [debug] [Thread-1 (]: On model.orderwave.dim_customers: Close
[0m17:36:00.331837 [debug] [Thread-1 (]: Sending event: {'category': 'dbt', 'action': 'run_model', 'label': 'b68d3c6c-282c-4690-b9ff-2b316e190801', 'context': [<snowplow_tracker.self_describing_json.SelfDescribingJson object at 0x000001FC0F85E350>]}
[0m17:36:00.336093 [info ] [Thread-1 (]: 4 of 7 OK created sql table model marts_marts.dim_customers .................... [[32mSELECT 27[0m in 5.23s]
[0m17:36:00.336093 [debug] [Thread-1 (]: Finished running node model.orderwave.dim_customers
[0m17:36:00.336093 [debug] [Thread-1 (]: Began running node model.orderwave.dim_dates
[0m17:36:00.336093 [info ] [Thread-1 (]: 5 of 7 START sql table model marts_marts.dim_dates ............................. [RUN]
[0m17:36:00.336093 [debug] [Thread-1 (]: Re-using an available connection from the pool (formerly model.orderwave.dim_customers, now model.orderwave.dim_dates)
[0m17:36:00.347636 [debug] [Thread-1 (]: Began compiling node model.orderwave.dim_dates
[0m17:36:00.354346 [debug] [Thread-1 (]: Writing injected SQL for node "model.orderwave.dim_dates"
[0m17:36:00.356487 [debug] [Thread-1 (]: Timing info for model.orderwave.dim_dates (compile): 17:36:00.347636 => 17:36:00.356487
[0m17:36:00.361270 [debug] [Thread-1 (]: Began executing node model.orderwave.dim_dates
[0m17:36:00.368085 [debug] [Thread-1 (]: Writing runtime sql for node "model.orderwave.dim_dates"
[0m17:36:00.376205 [debug] [Thread-1 (]: Using postgres connection "model.orderwave.dim_dates"
[0m17:36:00.376205 [debug] [Thread-1 (]: On model.orderwave.dim_dates: BEGIN
[0m17:36:00.376205 [debug] [Thread-1 (]: Opening a new connection, currently in state closed
[0m17:36:03.497499 [debug] [Thread-1 (]: SQL status: BEGIN in 3.0 seconds
[0m17:36:03.504560 [debug] [Thread-1 (]: Using postgres connection "model.orderwave.dim_dates"
[0m17:36:03.507460 [debug] [Thread-1 (]: On model.orderwave.dim_dates: /* {"app": "dbt", "dbt_version": "1.7.0", "profile_name": "orderwave", "target_name": "dev", "node_id": "model.orderwave.dim_dates"} */

  
    

  create  table "postgres"."marts_marts"."dim_dates__dbt_tmp"
  
  
    as
  
  (
    SELECT DISTINCT
    order_date AS date_day,
    EXTRACT(YEAR FROM order_date)::int AS year,
    EXTRACT(MONTH FROM order_date)::int AS month,
    EXTRACT(DAY FROM order_date)::int AS day,
    TO_CHAR(order_date, 'Month') AS month_name,
    EXTRACT(DOW FROM order_date)::int AS day_of_week,
    TO_CHAR(order_date, 'Day') AS day_name
FROM "postgres"."marts_staging"."stg_orders"
  );
  
[0m17:36:03.691515 [debug] [Thread-1 (]: SQL status: SELECT 30 in 0.0 seconds
[0m17:36:03.708479 [debug] [Thread-1 (]: Using postgres connection "model.orderwave.dim_dates"
[0m17:36:03.710506 [debug] [Thread-1 (]: On model.orderwave.dim_dates: /* {"app": "dbt", "dbt_version": "1.7.0", "profile_name": "orderwave", "target_name": "dev", "node_id": "model.orderwave.dim_dates"} */
alter table "postgres"."marts_marts"."dim_dates__dbt_tmp" rename to "dim_dates"
[0m17:36:03.887360 [debug] [Thread-1 (]: SQL status: ALTER TABLE in 0.0 seconds
[0m17:36:03.903693 [debug] [Thread-1 (]: On model.orderwave.dim_dates: COMMIT
[0m17:36:03.906389 [debug] [Thread-1 (]: Using postgres connection "model.orderwave.dim_dates"
[0m17:36:03.908464 [debug] [Thread-1 (]: On model.orderwave.dim_dates: COMMIT
[0m17:36:04.101549 [debug] [Thread-1 (]: SQL status: COMMIT in 0.0 seconds
[0m17:36:04.106932 [debug] [Thread-1 (]: Applying DROP to: "postgres"."marts_marts"."dim_dates__dbt_backup"
[0m17:36:04.112493 [debug] [Thread-1 (]: Using postgres connection "model.orderwave.dim_dates"
[0m17:36:04.114510 [debug] [Thread-1 (]: On model.orderwave.dim_dates: /* {"app": "dbt", "dbt_version": "1.7.0", "profile_name": "orderwave", "target_name": "dev", "node_id": "model.orderwave.dim_dates"} */
drop table if exists "postgres"."marts_marts"."dim_dates__dbt_backup" cascade
[0m17:36:04.305287 [debug] [Thread-1 (]: SQL status: DROP TABLE in 0.0 seconds
[0m17:36:04.312061 [debug] [Thread-1 (]: Timing info for model.orderwave.dim_dates (execute): 17:36:00.361270 => 17:36:04.309615
[0m17:36:04.312061 [debug] [Thread-1 (]: On model.orderwave.dim_dates: Close
[0m17:36:04.316554 [debug] [Thread-1 (]: Sending event: {'category': 'dbt', 'action': 'run_model', 'label': 'b68d3c6c-282c-4690-b9ff-2b316e190801', 'context': [<snowplow_tracker.self_describing_json.SelfDescribingJson object at 0x000001FC0F34DA10>]}
[0m17:36:04.319558 [info ] [Thread-1 (]: 5 of 7 OK created sql table model marts_marts.dim_dates ........................ [[32mSELECT 30[0m in 3.98s]
[0m17:36:04.324778 [debug] [Thread-1 (]: Finished running node model.orderwave.dim_dates
[0m17:36:04.327382 [debug] [Thread-1 (]: Began running node model.orderwave.dim_products
[0m17:36:04.329949 [info ] [Thread-1 (]: 6 of 7 START sql table model marts_marts.dim_products .......................... [RUN]
[0m17:36:04.333347 [debug] [Thread-1 (]: Re-using an available connection from the pool (formerly model.orderwave.dim_dates, now model.orderwave.dim_products)
[0m17:36:04.335391 [debug] [Thread-1 (]: Began compiling node model.orderwave.dim_products
[0m17:36:04.346486 [debug] [Thread-1 (]: Writing injected SQL for node "model.orderwave.dim_products"
[0m17:36:04.352503 [debug] [Thread-1 (]: Timing info for model.orderwave.dim_products (compile): 17:36:04.337605 => 17:36:04.351147
[0m17:36:04.353691 [debug] [Thread-1 (]: Began executing node model.orderwave.dim_products
[0m17:36:04.368788 [debug] [Thread-1 (]: Writing runtime sql for node "model.orderwave.dim_products"
[0m17:36:04.374886 [debug] [Thread-1 (]: Using postgres connection "model.orderwave.dim_products"
[0m17:36:04.378466 [debug] [Thread-1 (]: On model.orderwave.dim_products: BEGIN
[0m17:36:04.380357 [debug] [Thread-1 (]: Opening a new connection, currently in state closed
[0m17:36:07.068751 [debug] [Thread-1 (]: SQL status: BEGIN in 3.0 seconds
[0m17:36:07.073093 [debug] [Thread-1 (]: Using postgres connection "model.orderwave.dim_products"
[0m17:36:07.075868 [debug] [Thread-1 (]: On model.orderwave.dim_products: /* {"app": "dbt", "dbt_version": "1.7.0", "profile_name": "orderwave", "target_name": "dev", "node_id": "model.orderwave.dim_products"} */

  
    

  create  table "postgres"."marts_marts"."dim_products__dbt_tmp"
  
  
    as
  
  (
    SELECT
    product_id,
    product_name,
    category,
    sub_category,
    brand,
    unit_price,
    cost_price
FROM "postgres"."marts_staging"."stg_products"
  );
  
[0m17:36:07.532040 [debug] [Thread-1 (]: SQL status: SELECT 10 in 0.0 seconds
[0m17:36:07.542678 [debug] [Thread-1 (]: Using postgres connection "model.orderwave.dim_products"
[0m17:36:07.548255 [debug] [Thread-1 (]: On model.orderwave.dim_products: /* {"app": "dbt", "dbt_version": "1.7.0", "profile_name": "orderwave", "target_name": "dev", "node_id": "model.orderwave.dim_products"} */
alter table "postgres"."marts_marts"."dim_products__dbt_tmp" rename to "dim_products"
[0m17:36:07.706757 [debug] [Thread-1 (]: SQL status: ALTER TABLE in 0.0 seconds
[0m17:36:07.716792 [debug] [Thread-1 (]: On model.orderwave.dim_products: COMMIT
[0m17:36:07.716792 [debug] [Thread-1 (]: Using postgres connection "model.orderwave.dim_products"
[0m17:36:07.716792 [debug] [Thread-1 (]: On model.orderwave.dim_products: COMMIT
[0m17:36:07.871796 [debug] [Thread-1 (]: SQL status: COMMIT in 0.0 seconds
[0m17:36:07.880814 [debug] [Thread-1 (]: Applying DROP to: "postgres"."marts_marts"."dim_products__dbt_backup"
[0m17:36:07.886943 [debug] [Thread-1 (]: Using postgres connection "model.orderwave.dim_products"
[0m17:36:07.890602 [debug] [Thread-1 (]: On model.orderwave.dim_products: /* {"app": "dbt", "dbt_version": "1.7.0", "profile_name": "orderwave", "target_name": "dev", "node_id": "model.orderwave.dim_products"} */
drop table if exists "postgres"."marts_marts"."dim_products__dbt_backup" cascade
[0m17:36:08.067559 [debug] [Thread-1 (]: SQL status: DROP TABLE in 0.0 seconds
[0m17:36:08.071676 [debug] [Thread-1 (]: Timing info for model.orderwave.dim_products (execute): 17:36:04.356655 => 17:36:08.071676
[0m17:36:08.076414 [debug] [Thread-1 (]: On model.orderwave.dim_products: Close
[0m17:36:08.080342 [debug] [Thread-1 (]: Sending event: {'category': 'dbt', 'action': 'run_model', 'label': 'b68d3c6c-282c-4690-b9ff-2b316e190801', 'context': [<snowplow_tracker.self_describing_json.SelfDescribingJson object at 0x000001FC0F959FD0>]}
[0m17:36:08.086408 [info ] [Thread-1 (]: 6 of 7 OK created sql table model marts_marts.dim_products ..................... [[32mSELECT 10[0m in 3.75s]
[0m17:36:08.089007 [debug] [Thread-1 (]: Finished running node model.orderwave.dim_products
[0m17:36:08.091652 [debug] [Thread-1 (]: Began running node model.orderwave.fact_orders
[0m17:36:08.094441 [info ] [Thread-1 (]: 7 of 7 START sql table model marts_marts.fact_orders ........................... [RUN]
[0m17:36:08.098534 [debug] [Thread-1 (]: Re-using an available connection from the pool (formerly model.orderwave.dim_products, now model.orderwave.fact_orders)
[0m17:36:08.100546 [debug] [Thread-1 (]: Began compiling node model.orderwave.fact_orders
[0m17:36:08.112097 [debug] [Thread-1 (]: Writing injected SQL for node "model.orderwave.fact_orders"
[0m17:36:08.118613 [debug] [Thread-1 (]: Timing info for model.orderwave.fact_orders (compile): 17:36:08.102406 => 17:36:08.116556
[0m17:36:08.121713 [debug] [Thread-1 (]: Began executing node model.orderwave.fact_orders
[0m17:36:08.137400 [debug] [Thread-1 (]: Writing runtime sql for node "model.orderwave.fact_orders"
[0m17:36:08.141801 [debug] [Thread-1 (]: Using postgres connection "model.orderwave.fact_orders"
[0m17:36:08.145464 [debug] [Thread-1 (]: On model.orderwave.fact_orders: BEGIN
[0m17:36:08.147064 [debug] [Thread-1 (]: Opening a new connection, currently in state closed
[0m17:36:10.141933 [debug] [Thread-1 (]: SQL status: BEGIN in 2.0 seconds
[0m17:36:10.144256 [debug] [Thread-1 (]: Using postgres connection "model.orderwave.fact_orders"
[0m17:36:10.146363 [debug] [Thread-1 (]: On model.orderwave.fact_orders: /* {"app": "dbt", "dbt_version": "1.7.0", "profile_name": "orderwave", "target_name": "dev", "node_id": "model.orderwave.fact_orders"} */

  
    

  create  table "postgres"."marts_marts"."fact_orders__dbt_tmp"
  
  
    as
  
  (
    SELECT
    o.order_id,
    o.customer_id,
    o.product_id,
    o.order_date,
    o.quantity,
    o.unit_price,
    o.total_amount,
    o.order_status,
    o.city,
    o.state,
    p.category,
    p.brand,
    p.cost_price,
    (o.unit_price - p.cost_price) * o.quantity AS gross_profit
FROM "postgres"."marts_staging"."stg_orders" o
LEFT JOIN "postgres"."marts_staging"."stg_products" p ON o.product_id = p.product_id
  );
  
[0m17:36:10.351434 [debug] [Thread-1 (]: SQL status: SELECT 30 in 0.0 seconds
[0m17:36:10.364830 [debug] [Thread-1 (]: Using postgres connection "model.orderwave.fact_orders"
[0m17:36:10.367185 [debug] [Thread-1 (]: On model.orderwave.fact_orders: /* {"app": "dbt", "dbt_version": "1.7.0", "profile_name": "orderwave", "target_name": "dev", "node_id": "model.orderwave.fact_orders"} */
alter table "postgres"."marts_marts"."fact_orders__dbt_tmp" rename to "fact_orders"
[0m17:36:11.469479 [debug] [Thread-1 (]: SQL status: ALTER TABLE in 1.0 seconds
[0m17:36:11.478658 [debug] [Thread-1 (]: On model.orderwave.fact_orders: COMMIT
[0m17:36:11.482434 [debug] [Thread-1 (]: Using postgres connection "model.orderwave.fact_orders"
[0m17:36:11.484409 [debug] [Thread-1 (]: On model.orderwave.fact_orders: COMMIT
[0m17:36:11.724776 [debug] [Thread-1 (]: SQL status: COMMIT in 0.0 seconds
[0m17:36:11.736416 [debug] [Thread-1 (]: Applying DROP to: "postgres"."marts_marts"."fact_orders__dbt_backup"
[0m17:36:11.743333 [debug] [Thread-1 (]: Using postgres connection "model.orderwave.fact_orders"
[0m17:36:11.744060 [debug] [Thread-1 (]: On model.orderwave.fact_orders: /* {"app": "dbt", "dbt_version": "1.7.0", "profile_name": "orderwave", "target_name": "dev", "node_id": "model.orderwave.fact_orders"} */
drop table if exists "postgres"."marts_marts"."fact_orders__dbt_backup" cascade
[0m17:36:12.023855 [debug] [Thread-1 (]: SQL status: DROP TABLE in 0.0 seconds
[0m17:36:12.029859 [debug] [Thread-1 (]: Timing info for model.orderwave.fact_orders (execute): 17:36:08.123729 => 17:36:12.029859
[0m17:36:12.032350 [debug] [Thread-1 (]: On model.orderwave.fact_orders: Close
[0m17:36:12.035240 [debug] [Thread-1 (]: Sending event: {'category': 'dbt', 'action': 'run_model', 'label': 'b68d3c6c-282c-4690-b9ff-2b316e190801', 'context': [<snowplow_tracker.self_describing_json.SelfDescribingJson object at 0x000001FC0F640290>]}
[0m17:36:12.037266 [info ] [Thread-1 (]: 7 of 7 OK created sql table model marts_marts.fact_orders ...................... [[32mSELECT 30[0m in 3.94s]
[0m17:36:12.041302 [debug] [Thread-1 (]: Finished running node model.orderwave.fact_orders
[0m17:36:12.046374 [debug] [MainThread]: Using postgres connection "master"
[0m17:36:12.048499 [debug] [MainThread]: On master: BEGIN
[0m17:36:12.051160 [debug] [MainThread]: Opening a new connection, currently in state closed
[0m17:36:15.566802 [debug] [MainThread]: SQL status: BEGIN in 4.0 seconds
[0m17:36:15.566802 [debug] [MainThread]: On master: COMMIT
[0m17:36:15.573681 [debug] [MainThread]: Using postgres connection "master"
[0m17:36:15.576711 [debug] [MainThread]: On master: COMMIT
[0m17:36:15.876465 [debug] [MainThread]: SQL status: COMMIT in 0.0 seconds
[0m17:36:15.878937 [debug] [MainThread]: On master: Close
[0m17:36:15.883807 [debug] [MainThread]: Connection 'master' was properly closed.
[0m17:36:15.883807 [debug] [MainThread]: Connection 'list_postgres' was properly closed.
[0m17:36:15.887190 [debug] [MainThread]: Connection 'list_postgres_marts_staging' was properly closed.
[0m17:36:15.889344 [debug] [MainThread]: Connection 'model.orderwave.fact_orders' was properly closed.
[0m17:36:15.889858 [info ] [MainThread]: 
[0m17:36:15.889858 [info ] [MainThread]: Finished running 3 view models, 4 table models in 0 hours 0 minutes and 50.98 seconds (50.98s).
[0m17:36:15.898794 [debug] [MainThread]: Command end result
[0m17:36:15.954482 [info ] [MainThread]: 
[0m17:36:15.957976 [info ] [MainThread]: [32mCompleted successfully[0m
[0m17:36:15.960743 [info ] [MainThread]: 
[0m17:36:15.966576 [info ] [MainThread]: Done. PASS=7 WARN=0 ERROR=0 SKIP=0 TOTAL=7
[0m17:36:15.972167 [debug] [MainThread]: Command `dbt run` succeeded at 17:36:15.970148 after 55.41 seconds
[0m17:36:15.972167 [debug] [MainThread]: Sending event: {'category': 'dbt', 'action': 'invocation', 'label': 'end', 'context': [<snowplow_tracker.self_describing_json.SelfDescribingJson object at 0x000001FC0F0F4810>, <snowplow_tracker.self_describing_json.SelfDescribingJson object at 0x000001FC0F0EC890>, <snowplow_tracker.self_describing_json.SelfDescribingJson object at 0x000001FC0F0EC9D0>]}
[0m17:36:15.974960 [debug] [MainThread]: Flushing usage events
